category,type
7,race_ethnicity
AA/African H. and American Indian or Alaska Native,race_ethnicity
Aboriginal,race_ethnicity
Aboriginal and Torres Strait Islander,race_ethnicity
Aboriginal Peoples of North America,race_ethnicity
Aborigine,race_ethnicity
Aborigines,race_ethnicity
Abstinence,race_ethnicity
Afirican American,race_ethnicity
Africa - America,race_ethnicity
Africa Americans,race_ethnicity
African,race_ethnicity
African american,race_ethnicity
African American,race_ethnicity
African-American,race_ethnicity
African/American,race_ethnicity
AFRICAN AMERICAN,race_ethnicity
African American (AA),race_ethnicity
African American/African (Afr) Heritage,race_ethnicity
African American/African heritage,race_ethnicity
African American/African Heritage,race_ethnicity
AFRICAN AMERICAN/AFRICAN HERITAGE,race_ethnicity
African American/African Heritage and Asian Heritage,race_ethnicity
African American and Other,race_ethnicity
African American & Asian or Pacific Islander,race_ethnicity
African American/black,race_ethnicity
African American (Black),race_ethnicity
African American / Black,race_ethnicity
African American/ Black,race_ethnicity
African American/Black,race_ethnicity
African-American/Black,race_ethnicity
"African American/Black, non-Hispanic",race_ethnicity
African-American/Black: non-Hispanic,race_ethnicity
African American/Black (Non-Hispanic),race_ethnicity
African American/Black of African origin,race_ethnicity
African American/Caucasian,race_ethnicity
"African American, Hispanic and Other",race_ethnicity
African American non-Hispanic,race_ethnicity
"African American, non-Hispanic",race_ethnicity
"African American, not of Hispanic origin",race_ethnicity
African American only,race_ethnicity
African American or African,race_ethnicity
African American or Black,race_ethnicity
African Americans,race_ethnicity
African and White,race_ethnicity
African/Black,race_ethnicity
African canadian,race_ethnicity
African/Caribbean,race_ethnicity
African descent,race_ethnicity
"African (e.g., Central and West African, North African, Southern Africa)",race_ethnicity
African Heritage,race_ethnicity
African heritage / african american,race_ethnicity
African heritage/ African american,race_ethnicity
African heritage / African American,race_ethnicity
African heritage/ African American,race_ethnicity
African heritage/African American,race_ethnicity
African Heritage / African American,race_ethnicity
African Heritage/ African American,race_ethnicity
African Heritage/African American,race_ethnicity
African (North),race_ethnicity
African Origin,race_ethnicity
African Peruvian,race_ethnicity
African/West Indian,race_ethnicity
Afro-American,race_ethnicity
Afro-caribbean,race_ethnicity
Afro-Caribbean,race_ethnicity
Afro-Carribean,race_ethnicity
Afro-descendant,race_ethnicity
AI/AN,race_ethnicity
AI/AN/Asian/NH/PI,race_ethnicity
AI or AN and Black or African American,race_ethnicity
AI or AN and White- White/Caucasian/EH,race_ethnicity
Akan,race_ethnicity
Alaska Native or Native American,race_ethnicity
Alaskan/Indigenous,race_ethnicity
Alaskan Native,race_ethnicity
Alaskan native/American indian,race_ethnicity
Albanian,race_ethnicity
Albanians,race_ethnicity
All other,race_ethnicity
All other ethnic groups,race_ethnicity
All other races,race_ethnicity
All Other Races,race_ethnicity
All others,race_ethnicity
Ambon,race_ethnicity
AME INDIAN OR ALASKA NATIVE &BLA OR AFR AMR &WHITE,race_ethnicity
Amerian Indian,race_ethnicity
Amerian Indian or Alaska Native,race_ethnicity
American,race_ethnicity
American (Am) Indian or Alaska (Al.) native,race_ethnicity
American hispanic,race_ethnicity
American Hispanic,race_ethnicity
American Ind / Alaskan / White,race_ethnicity
American Indian,race_ethnicity
American Indiana/Alaskan Native,race_ethnicity
American Indian (AI) or Alaska native (AN),race_ethnicity
American Indian (AI) or Alaska native Heritage,race_ethnicity
American Indian (AI) or Alaskan Native (AN),race_ethnicity
American Indian/ Alakan Naitive,race_ethnicity
American Indian/ Alaska,race_ethnicity
American Indian/Alaska,race_ethnicity
American Indian/Alaskan,race_ethnicity
American Indian/Alaska native,race_ethnicity
American Indian / Alaska Native,race_ethnicity
American Indian/ Alaska Native,race_ethnicity
American Indian/Alaska Native,race_ethnicity
American-Indian/Alaska Native,race_ethnicity
American Indian/Alaska Native and African American,race_ethnicity
American Indian/Alaska Native and Asian and White,race_ethnicity
"American Indian, Alaska Native Asian",race_ethnicity
"American Indian, Alaska Native, Asian, Native Hawaiian, or Other Pacific Islander",race_ethnicity
American Indian/Alaska Native/First Nations People,race_ethnicity
American Indian/ Alaska native Heritage,race_ethnicity
"American Indian/Alaska Native, non-Hispanic",race_ethnicity
American indian/alaskan native,race_ethnicity
American Indian /Alaskan native,race_ethnicity
American Indian/Alaskan native,race_ethnicity
American Indian / Alaskan Native,race_ethnicity
"American Indian, Alaskan Native",race_ethnicity
American Indian/ Alaskan Native,race_ethnicity
American Indian/Alaskan Native,race_ethnicity
American Indian/Alaskan/Native American,race_ethnicity
American Indian/Alaskan/White,race_ethnicity
American Indian (Amer Ind)/Alaska Native (Ala Nat),race_ethnicity
American Indian (Amer. Ind.) or Alaska Native,race_ethnicity
American Indian/NA,race_ethnicity
"American Indian, Native American",race_ethnicity
American Indian/Native American,race_ethnicity
American Indian (Native American) or Alaskan Native,race_ethnicity
"American Indian, non-Hispanic",race_ethnicity
American Indian of Alaska Native,race_ethnicity
American Indian only,race_ethnicity
American Indian or Alaksa Native,race_ethnicity
American Indian Or Alasa Native,race_ethnicity
American Indian or Alaska,race_ethnicity
American Indian or Alaskan,race_ethnicity
American Indian or Alaska native,race_ethnicity
American Indian or Alaska Native,race_ethnicity
American Indian or Alaska Native.,race_ethnicity
American Indian or Alaska Native:,race_ethnicity
American Indian or AlaskaNative,race_ethnicity
American-Indian or Alaska Native,race_ethnicity
American Indian Or Alaska Native,race_ethnicity
AMERICAN INDIAN OR ALASKA NATIVE,race_ethnicity
American Indian or Alaska Native American,race_ethnicity
American Indian or Alaska Native and Black or AA,race_ethnicity
American Indian or Alaska Native and White,race_ethnicity
"American Indian or Alaska Native, Asian",race_ethnicity
"American Indian or Alaska Native, Black or African American, White",race_ethnicity
American Indian or Alaska Native/Black or African American/White,race_ethnicity
"American Indian or Alaska Native, Caucasian",race_ethnicity
American Indian or Alaska Native Heritage,race_ethnicity
"American Indian or Alaska Native, non-Hispanic",race_ethnicity
"American Indian or Alaska Native, not of Hispanic Origin",race_ethnicity
American Indian or Alaska Native & White,race_ethnicity
"American Indian or Alaska Native, White",race_ethnicity
"American Indian or Alaska Native,White",race_ethnicity
American Indian or Alaska Native/White,race_ethnicity
AMERICAN INDIAN OR ALASKA NATIVE/WHITE,race_ethnicity
American Indian or Alaskan native,race_ethnicity
American Indian or Alaskan Native,race_ethnicity
American Indian Or Alaskan Native,race_ethnicity
AMERICAN INDIAN OR ALASKAN NATIVE,race_ethnicity
American Indian or Alaskan Native Asian,race_ethnicity
"American Indian or Alaskan Native, Non- Hispanic",race_ethnicity
American Indian or Alaskan Native/Non-Hispanic,race_ethnicity
American Indian or Alaskan Native Wh-Wh/Ca/Eu H,race_ethnicity
American Indian or Native American,race_ethnicity
American Indian/Pacific Islander,race_ethnicity
American India or Alaskan Native,race_ethnicity
American or Alaskan Native,race_ethnicity
Amer Ind/Ala Nat & Black/Afr Amer &White/Caucasian,race_ethnicity
Amer Ind. or Alaska Native & Black or African Amer,race_ethnicity
Amer. Ind. or Alaska Native & White,race_ethnicity
Am Indian,race_ethnicity
Anglo Indian,race_ethnicity
"Another Hispanic, Latino/a, or Spanish origin",race_ethnicity
"Another Hispanic, Latino/a, or Spanish Origin",race_ethnicity
"Another Hispanic, Latino, or Spanish origin",race_ethnicity
Another or multiple,race_ethnicity
Another race or ethnicity,race_ethnicity
Any Other White Background,race_ethnicity
Arab,race_ethnicity
ARAB,race_ethnicity
Arabian Peninsula/Arab Middle East,race_ethnicity
Arabic,race_ethnicity
Arabic/north african,race_ethnicity
Arabic/north African,race_ethnicity
Arabic/North African,race_ethnicity
Arabic/ North African heritage,race_ethnicity
Arabic/North African Heritage,race_ethnicity
ARABIC/NORTH AFRICAN HERITAGE,race_ethnicity
Arab/Middle Eastern,race_ethnicity
Arab//North-African,race_ethnicity
Arab/North-African,race_ethnicity
Arab / Other Middle East ancestry,race_ethnicity
Arabs,race_ethnicity
Arab/West Asian,race_ethnicity
Argentinian,race_ethnicity
Asain,race_ethnicity
Ashkenazi Jewish descendant,race_ethnicity
Asia,race_ethnicity
asian,race_ethnicity
Asian,race_ethnicity
Asian.,race_ethnicity
Asian:,race_ethnicity
ASIAN,race_ethnicity
Asian1,race_ethnicity
ASIAN(A)/BLACK OR AFRICAN AMERICAN,race_ethnicity
Asian American,race_ethnicity
Asian-American,race_ethnicity
Asian/American Indian,race_ethnicity
"Asian, American Indian, or other",race_ethnicity
Asian/American Indian/Pacific (non-Hispanic),race_ethnicity
"Asian American, Native Hawaiian or Other PI",race_ethnicity
Asian American or Pacific Islander,race_ethnicity
Asian American/Pacific Islander,race_ethnicity
Asian-American/Pacific Islander,race_ethnicity
Asian and Black or African American and White,race_ethnicity
Asian and Caucasian,race_ethnicity
Asian and native hawaiian or other pacific islander,race_ethnicity
Asian and/or Pacific Islander,race_ethnicity
Asian and Others,race_ethnicity
Asian and White,race_ethnicity
Asian - Any other Asian background,race_ethnicity
Asian Asian,race_ethnicity
Asian/Asian American,race_ethnicity
Asian; Asian American,race_ethnicity
Asian/Asian background,race_ethnicity
Asian/Asian British,race_ethnicity
Asian / Asian British - Indian,race_ethnicity
Asian/Asian British - Indian,race_ethnicity
Asian / Asian British - Pakistani,race_ethnicity
Asian/Asian British - Pakistani,race_ethnicity
Asian (Asian Indian),race_ethnicity
ASIAN (ASI)-CENTRAL/SOUTH ASI HERITAGE (HER),race_ethnicity
Asian : Bangladeshi,race_ethnicity
Asian & Black or African Amer.,race_ethnicity
Asian British,race_ethnicity
Asian/British Asian,race_ethnicity
Asian - Central/South Asian heritage,race_ethnicity
Asian-Central/South Asian heritage,race_ethnicity
Asian - Central / South Asian Heritage,race_ethnicity
Asian - Central/ South Asian Heritage,race_ethnicity
Asian - Central/South Asian Heritage,race_ethnicity
Asian- Central/ South Asian Heritage,race_ethnicity
Asian- Central/South Asian Heritage,race_ethnicity
Asian-Central/ South Asian Heritage,race_ethnicity
Asian-Central/South Asian Heritage,race_ethnicity
Asian: Central/South Asian Heritage,race_ethnicity
Asian; Central/South Asian Heritage,race_ethnicity
ASIAN - CENTRAL/SOUTH ASIAN HERITAGE,race_ethnicity
ASIAN -CENTRAL/SOUTH ASIAN HERITAGE,race_ethnicity
ASIAN: CENTRAL/SOUTH ASIAN HERITAGE,race_ethnicity
Asian-Central/South Asian heritage (H.),race_ethnicity
Asian-Central/South Asian Heritage (H.),race_ethnicity
ASIAN-CENTRAL/SOUTH ASIAN HERITAGE (H),race_ethnicity
Asian (Chinese),race_ethnicity
Asian - Chinese,race_ethnicity
Asian : Chinese,race_ethnicity
Asian Chinese,race_ethnicity
"Asian, Chinese",race_ethnicity
Asian-Chinese,race_ethnicity
Asian: Chinese/Taiwanese/Hong Kong Chinese,race_ethnicity
Asian Descent,race_ethnicity
Asian - East Asian,race_ethnicity
Asian - East Asian H.,race_ethnicity
Asian - East Asian heritage,race_ethnicity
Asian-East Asian heritage,race_ethnicity
Asian - East Asian Heritage,race_ethnicity
Asian- East Asian Heritage,race_ethnicity
Asian-East Asian Heritage,race_ethnicity
Asian: East Asian Heritage,race_ethnicity
Asian; East Asian Heritage,race_ethnicity
ASIAN - EAST ASIAN HERITAGE,race_ethnicity
ASIAN -EAST ASIAN HERITAGE,race_ethnicity
"Asian Eastern (Chinese, other)",race_ethnicity
"Asian (e.g., West Central Asian, South Asian, East and Southeast Asian)",race_ethnicity
Asian/Filipino,race_ethnicity
Asian/Hawaiian Islander/Pacific Islander,race_ethnicity
"Asian, Hispanic",race_ethnicity
Asian - Indian,race_ethnicity
Asian : Indian,race_ethnicity
Asian Indian,race_ethnicity
Asian/Indian,race_ethnicity
Asian: Indian,race_ethnicity
ASIAN INDIAN,race_ethnicity
Asian Indian/Asian,race_ethnicity
"Asian (Indian, Pakistani, Bangladeshi, other)",race_ethnicity
Asian-Indian subcontinent,race_ethnicity
"Asian, Indigenous, Native Hawaiian and Pacific Islander, non-Hispanic",race_ethnicity
Asian (Japanese),race_ethnicity
Asian / Japanese,race_ethnicity
Asian Japanese,race_ethnicity
"Asian, Japanese",race_ethnicity
Asian-Japanese,race_ethnicity
Asian: Japanese,race_ethnicity
Asian- Japanese/East Asian (EA)/South EA Heritage,race_ethnicity
Asian-Japanese/East Asian (EA)/South EA Heritage,race_ethnicity
Asian-Japanese/East Asian Heritage (EAH)/South EAH,race_ethnicity
ASIAN: JAPANESE/EASTASIAN/SOUTHEAST ASIAN HERITAGE,race_ethnicity
Asian-Japanese H./East Asian H./SouthEast Asian H.,race_ethnicity
Asian-Japanese H/East Asian H/South East Asian H,race_ethnicity
ASIAN-JAPANESE H/EAST ASIAN H/SOUTH EAST ASIAN H,race_ethnicity
Asian - Japanese heritage,race_ethnicity
Asian-Japanese heritage,race_ethnicity
Asian - Japanese Heritage,race_ethnicity
Asian- Japanese Heritage,race_ethnicity
Asian-Japanese Heritage,race_ethnicity
Asian: Japanese Heritage,race_ethnicity
ASIAN - JAPANESE HERITAGE,race_ethnicity
ASIAN-JAPANESE HERITAGE,race_ethnicity
Asian (Japanese only),race_ethnicity
Asian (Korean),race_ethnicity
Asian - Korean,race_ethnicity
Asian: Korean,race_ethnicity
ASIAN: MIXED ASIAN RACE,race_ethnicity
Asian - Mixed Race,race_ethnicity
Asian-Mixed Race,race_ethnicity
"Asian, Native American, Other, Unknown",race_ethnicity
"Asian, Native Hawaiian, or Other Pacific Islander",race_ethnicity
Asian/Native Hawaiian or Pacific Islander,race_ethnicity
Asian non-Hispanic,race_ethnicity
"Asian, non-Hispanic",race_ethnicity
Asian/non-Hispanic,race_ethnicity
Asian Non-Hispanic,race_ethnicity
"Asian, Non-Hispanic",race_ethnicity
Asian; Non-Hispanic or Latino,race_ethnicity
Asian (non-Japanese)-,race_ethnicity
Asian - Non-Japanese,race_ethnicity
"Asian, Non-Japanese",race_ethnicity
Asian - Not Chinese,race_ethnicity
Asian/ Not Hispanic or Latino,race_ethnicity
Asian/Not Hispanic or Latino,race_ethnicity
"Asian, not specified",race_ethnicity
Asian of Asian British,race_ethnicity
Asian only,race_ethnicity
Asian (Only Indian),race_ethnicity
Asian or Asian American,race_ethnicity
Asian or Asian-American,race_ethnicity
Asian or Asian British,race_ethnicity
Asian or Asian British (Indian),race_ethnicity
Asian or Asian British (Pakistani),race_ethnicity
Asian / Oriental,race_ethnicity
Asian /Oriental,race_ethnicity
Asian Oriental,race_ethnicity
Asian/Oriental,race_ethnicity
Asian/Oriental or Pacific Islander,race_ethnicity
Asian Oriential,race_ethnicity
Asian or Native Hawaiian,race_ethnicity
Asian or Native Hawaiian or Pacific Islander,race_ethnicity
Asian or other,race_ethnicity
Asian or Other Pacific Islander,race_ethnicity
Asian or Pacific Islander,race_ethnicity
"Asian or Pacific Islander, not of Hispanic Origin",race_ethnicity
Asian - other,race_ethnicity
Asian-other,race_ethnicity
Asian Other,race_ethnicity
"Asian, Other",race_ethnicity
Asian-Other,race_ethnicity
Asian: Other,race_ethnicity
ASIAN OTHER,race_ethnicity
Asian (Other Asian),race_ethnicity
Asian : Other Asian,race_ethnicity
Asian/Pacific,race_ethnicity
Asian/Pacific American,race_ethnicity
Asian/Pacific Isla,race_ethnicity
Asian/Pacific islander,race_ethnicity
Asian / Pacific Islander,race_ethnicity
Asian Pacific Islander,race_ethnicity
"Asian, Pacific Islander",race_ethnicity
Asian/ Pacific Islander,race_ethnicity
Asian/Pacific Islander,race_ethnicity
Asian / Pacific Islander / American Indian,race_ethnicity
"Asian/Pacific Islander, non-Hispanic",race_ethnicity
Asian : Pakistani,race_ethnicity
Asian/PI,race_ethnicity
Asians,race_ethnicity
Asian-SE AH and White- White/Caucasian/EH,race_ethnicity
Asian/S.E. Asian Descent/Japanese,race_ethnicity
Asian/S.E. Asian/Japanese and African American,race_ethnicity
Asian/S.E. Asian/Japanese and Black and White,race_ethnicity
Asian/S.E. Asian/Japanese and White/Caucasian,race_ethnicity
Asian - South Asian,race_ethnicity
Asian : South Asian,race_ethnicity
Asian/South Asian,race_ethnicity
Asian - Southeast Asian,race_ethnicity
Asian/South East Asian Descent/Japanese Descent,race_ethnicity
Asian - South East Asian H,race_ethnicity
Asian - South East Asian H.,race_ethnicity
Asian - south east Asian heritage,race_ethnicity
Asian - South East Asian heritage,race_ethnicity
Asian- South East Asian heritage,race_ethnicity
Asian-South East Asian heritage,race_ethnicity
Asian - South East Asian Heritage,race_ethnicity
Asian - South-East Asian Heritage,race_ethnicity
Asian- South East Asian Heritage,race_ethnicity
Asian-South East Asian Heritage,race_ethnicity
Asian: South East Asian Heritage,race_ethnicity
Asian; South East Asian Heritage,race_ethnicity
ASIAN - SOUTH EAST ASIAN HERITAGE,race_ethnicity
Asian-South East (SE) Asian Heritage (AH),race_ethnicity
Asian: Vietnamese,race_ethnicity
Asian & White,race_ethnicity
Asian/White,race_ethnicity
At least daily,race_ethnicity
Australian Aboriginal,race_ethnicity
Aymara,race_ethnicity
Back,race_ethnicity
BAHAMIAN,race_ethnicity
Bambara,race_ethnicity
Bangladeshi,race_ethnicity
Batak,race_ethnicity
Bengali,race_ethnicity
Betawi,race_ethnicity
Bi-racial,race_ethnicity
Biracial,race_ethnicity
Biracial Causasian-African American,race_ethnicity
Biracial or multiracial/multiethnic,race_ethnicity
black,race_ethnicity
Black,race_ethnicity
BLACK,race_ethnicity
Black/Afr Amer & White/Caucasian,race_ethnicity
Black - African,race_ethnicity
Black / African,race_ethnicity
Black African,race_ethnicity
Black/African,race_ethnicity
Black: African,race_ethnicity
Black/African Amercican,race_ethnicity
Black/African Amerian,race_ethnicity
black-African american,race_ethnicity
Black / African American,race_ethnicity
Black / African-American,race_ethnicity
Black \ African-American,race_ethnicity
"Black, African American",race_ethnicity
Black-African American,race_ethnicity
Black/ African American,race_ethnicity
Black/ African- American,race_ethnicity
Black/ African-American,race_ethnicity
Black/African American,race_ethnicity
Black/African-American,race_ethnicity
Black; African American,race_ethnicity
Black/African American (Afr Amer),race_ethnicity
Black/African American and White/Caucasian,race_ethnicity
Black/ African American Heritage,race_ethnicity
"Black/African-American, non-Hispanic",race_ethnicity
Black/African-American Non-Hispanic,race_ethnicity
Black (African American or African),race_ethnicity
"Black, African American, or African",race_ethnicity
"Black, African American, or Negro",race_ethnicity
Black/African/Black British,race_ethnicity
Black / African Canadian,race_ethnicity
Black/African/Caribbean,race_ethnicity
Black/African/Caribbean/Black British,race_ethnicity
Black / African / Caribbean / Black British- African,race_ethnicity
Black / African / Caribbean / Black British - Caribbean,race_ethnicity
"Black, African, Caribbean or Black British",race_ethnicity
"Black, African, Caribbean, or Black British",race_ethnicity
Black/African descent,race_ethnicity
Black/ African Descent,race_ethnicity
Black/African or African American,race_ethnicity
Black African or American,race_ethnicity
Black/African origin,race_ethnicity
Black/African Origin,race_ethnicity
Black/Afro-Caribbean,race_ethnicity
"Black, Afro-Caribbean, or African American",race_ethnicity
Black/Afro-carribean,race_ethnicity
Black (all ethnicities),race_ethnicity
Black American,race_ethnicity
Black and African American,race_ethnicity
Black and Hispanic / Latino,race_ethnicity
Black and White,race_ethnicity
"black, asian, minority ethnic",race_ethnicity
Black/Black British,race_ethnicity
BLACK (BLA) OR AFRICAN AMERICAN (AFR AME),race_ethnicity
Black British/African,race_ethnicity
Black British (Caribbean),race_ethnicity
Black Caribbean,race_ethnicity
Black: Caribbean,race_ethnicity
"Black (Caribbean, African)",race_ethnicity
"Black, Caucasian",race_ethnicity
Black/Caucasian or White,race_ethnicity
"Black, Euro-African, or African American",race_ethnicity
"Black, Hispanic",race_ethnicity
Black-Hispanic,race_ethnicity
"Black, Indigenous, Person of Color",race_ethnicity
Black/mixed,race_ethnicity
Black/Mixed Black,race_ethnicity
"Black, mixed or other ethnicity",race_ethnicity
Black NH,race_ethnicity
Black non-hispanic,race_ethnicity
"Black, non-hispanic",race_ethnicity
Black (non-Hispanic),race_ethnicity
Black non-Hispanic,race_ethnicity
"Black, non-Hispanic",race_ethnicity
Black (Non-Hispanic),race_ethnicity
Black - Non-Hispanic,race_ethnicity
Black Non-Hispanic,race_ethnicity
"Black, Non- Hispanic",race_ethnicity
"Black, Non-Hispanic",race_ethnicity
Black (non-Hispanic/Latino),race_ethnicity
Black; Non-Hispanic or Latino,race_ethnicity
"Black, non-Latina",race_ethnicity
Black (non-latino or unknown ethnicity),race_ethnicity
Black not Hispanic,race_ethnicity
"Black, not Hispanic",race_ethnicity
Black (Not Hispanic),race_ethnicity
"Black, Not Hispanic",race_ethnicity
Black Not Hispanic or Latino,race_ethnicity
"Black, not of hispanic origin",race_ethnicity
"Black, not of Hispanic origin",race_ethnicity
"Black, not of Hispanic Origin",race_ethnicity
Black of African American,race_ethnicity
Black of African-American,race_ethnicity
Black/of African descent,race_ethnicity
Black/of African Descent,race_ethnicity
"Black, of African heritage",race_ethnicity
Black of African Heritage,race_ethnicity
Black of African Heritage or African American,race_ethnicity
Black of African origin,race_ethnicity
Black of African Origin,race_ethnicity
Black only,race_ethnicity
Black or AA,race_ethnicity
Black or African,race_ethnicity
Black or African Am,race_ethnicity
Black or African America,race_ethnicity
Black or African american,race_ethnicity
Black (or African American),race_ethnicity
Black or African American,race_ethnicity
Black or African American:,race_ethnicity
Black or African- American,race_ethnicity
Black or African-American,race_ethnicity
Black or AFrican American,race_ethnicity
Black Or African American,race_ethnicity
BLACK OR AFRICAN AMERICAN,race_ethnicity
Black or African American (AA),race_ethnicity
Black or African American (AA) Heritage,race_ethnicity
Black or African American/African Heritage,race_ethnicity
Black or African American (Amer.),race_ethnicity
Black or African American & American Indian or Alaskan Native,race_ethnicity
Black or African American and American Indian or Alaska Native,race_ethnicity
Black or African American and Asian,race_ethnicity
Black or African American and Caucasian,race_ethnicity
Black or African American and Hispanic or Latino,race_ethnicity
Black or African American and White,race_ethnicity
BLACK OR AFRICAN AMERICAN AND WHITE,race_ethnicity
Black or African American (B or Af Am),race_ethnicity
Black or African American heritage,race_ethnicity
Black or African American Heritage,race_ethnicity
"Black or African American, Hispanic",race_ethnicity
Black or African American Native,race_ethnicity
"Black or African American, Non-Hispanic",race_ethnicity
Black or African American/Non-Latino,race_ethnicity
Black or African American (not Hispanic),race_ethnicity
"Black or African American or Caribbean, Non-Hispanic",race_ethnicity
Black or African American/Unknown,race_ethnicity
Black or African American & White,race_ethnicity
"Black or African American, White",race_ethnicity
BLACK OR AFRICAN AMERICAN/WHITE,race_ethnicity
"Black or African American, White, American Indian or Alaska Native",race_ethnicity
Black or African Amer. & White,race_ethnicity
Black or African and American,race_ethnicity
Black or African Black or African American,race_ethnicity
Black or African Descent,race_ethnicity
Black or African heritage,race_ethnicity
Black or African Heritage,race_ethnicity
Black or African or Caribbean,race_ethnicity
Black or African Origin,race_ethnicity
Black or Arican American,race_ethnicity
Black or Asian American,race_ethnicity
Black or Black British,race_ethnicity
Black or Black British (African),race_ethnicity
Black or Black British (all other),race_ethnicity
Black or multiracial,race_ethnicity
Black or other race,race_ethnicity
Black Other,race_ethnicity
Black: Other Black,race_ethnicity
Blacks,race_ethnicity
Black/Sub Saharan African,race_ethnicity
"Black, White, American Indian",race_ethnicity
B or Af Am and White-White/Caucasian/European Her.,race_ethnicity
Both White and Black/African American,race_ethnicity
Bovine Thrombin,race_ethnicity
Brahmin/ Chhetri,race_ethnicity
Brazilian,race_ethnicity
British Asian: Other,race_ethnicity
Brown,race_ethnicity
"""Brown"" or ""Mulatto""",race_ethnicity
Bruneian,race_ethnicity
Burmese,race_ethnicity
Cambodian,race_ethnicity
Cam Nhan,race_ethnicity
Canada,race_ethnicity
Canadian,race_ethnicity
Cannot Be Reported Due to Participant Privacy,race_ethnicity
Cape Verdean,race_ethnicity
Captured as Hispanic or Latino in Database,race_ethnicity
Captured as Latino in Database,race_ethnicity
"Captured as ""Other""",race_ethnicity
"Captured as ""Other"" in Database",race_ethnicity
Captured as Other in Database,race_ethnicity
Caribbean,race_ethnicity
Caribbean British,race_ethnicity
"Caribbean (e.g., Cuban, Haitian, Jamaican)",race_ethnicity
caucasian,race_ethnicity
Caucasian,race_ethnicity
CAUCASIAN,race_ethnicity
Caucasian and Hispanic or Latino,race_ethnicity
Caucasian/Asian,race_ethnicity
Caucasian/European,race_ethnicity
Caucasian / Hispanic,race_ethnicity
"Caucasian, Hispanic",race_ethnicity
Caucasian/Hispanic,race_ethnicity
Caucasian; Hispanic or Latino,race_ethnicity
Caucasian / non-Hispanic,race_ethnicity
"Caucasian, non-Hispanic",race_ethnicity
Caucasian Non-Hispanic,race_ethnicity
Caucasian; Non-Hispanic or Latino,race_ethnicity
Caucasian - Non-white,race_ethnicity
Caucasian (not of Hispanic origin),race_ethnicity
"Caucasian, not of Hispanic origin",race_ethnicity
Caucasian only,race_ethnicity
Caucasian or Euro-American,race_ethnicity
Caucasian or White,race_ethnicity
Caucasian & Portuguese (or Portuguese parents),race_ethnicity
Caucasians,race_ethnicity
Caucasian/white,race_ethnicity
Caucasian (White),race_ethnicity
Caucasian - White,race_ethnicity
Caucasian/ White,race_ethnicity
Caucasian/White,race_ethnicity
Caucasian/White: non-Hispanic,race_ethnicity
Caucasion,race_ethnicity
Caucasoid,race_ethnicity
Caucassian,race_ethnicity
Causasian/White,race_ethnicity
Central or South American,race_ethnicity
Central south Asian Heritage,race_ethnicity
Central/South Asian heritage,race_ethnicity
CENTRAL/SOUTH ASIAN HERITAGE,race_ethnicity
Central/South Asian Heritage (Her),race_ethnicity
Central/South Asian Heritage (Her.),race_ethnicity
Chinese,race_ethnicity
Chinese Han,race_ethnicity
"Chinese, Middle Eastern, or Other Ethnic Group",race_ethnicity
Chonyi,race_ethnicity
Choose not to answer,race_ethnicity
Choose Not to Respond,race_ethnicity
Choose not to response or no data,race_ethnicity
Chose Not to Answer,race_ethnicity
Chose not to report or missing,race_ethnicity
Colored,race_ethnicity
Colored/Mixed,race_ethnicity
Coloured,race_ethnicity
Coloured (South African category),race_ethnicity
Condom,race_ethnicity
Condoms,race_ethnicity
Contraceptive Pills/Patch/Ring,race_ethnicity
Cuban,race_ethnicity
Cuban or Carribean,race_ethnicity
Current contraceptive use,race_ethnicity
Dagbani,race_ethnicity
Data Missing,race_ethnicity
Data not available,race_ethnicity
Declined,race_ethnicity
Declined Respond,race_ethnicity
Declined to answer,race_ethnicity
Declined to Answer,race_ethnicity
Declined to Report,race_ethnicity
Declined to respond,race_ethnicity
Declined to response,race_ethnicity
Declined to state,race_ethnicity
Declined to State/Unknown,race_ethnicity
Decline to Answer,race_ethnicity
Deep,race_ethnicity
Deep (non-thalamic),race_ethnicity
Deep (thalamic),race_ethnicity
Deferred,race_ethnicity
De-identified,race_ethnicity
Depot Medroxyprogesterone Acetate (DMPA),race_ethnicity
Did not answer,race_ethnicity
Did Not Answer,race_ethnicity
Did not respond,race_ethnicity
Diola,race_ethnicity
Does not want to report,race_ethnicity
Dominican,race_ethnicity
Dominican Republic,race_ethnicity
Do not wish to provide,race_ethnicity
Do not wish to say,race_ethnicity
Don't know,race_ethnicity
Don't know/missing,race_ethnicity
Don't know/Refuse,race_ethnicity
Don't know/Refused/Not Specified,race_ethnicity
Don't know/Refuse to answer,race_ethnicity
East and South Asian,race_ethnicity
East Asian,race_ethnicity
East Asian heritage,race_ethnicity
East Asian Heritage,race_ethnicity
East Asian or Asian American,race_ethnicity
East Asian or Southeast Asian,race_ethnicity
East Indian,race_ethnicity
East or Southeast Asian,race_ethnicity
East/south east asian,race_ethnicity
East & south east Asian,race_ethnicity
East & South East Asian,race_ethnicity
East/South East Asian,race_ethnicity
Ecuadorian,race_ethnicity
Egyptian,race_ethnicity
English,race_ethnicity
Enrolled in or descended from a federally-recognized Tribe,race_ethnicity
Ethnic Finn,race_ethnicity
Ethnicity: American hispanic,race_ethnicity
Ethnicity : Hispanic or Latino,race_ethnicity
Ethnicity: Hispanic or Latino,race_ethnicity
Ethnicity: Non American hispanic,race_ethnicity
Ethnicity not available,race_ethnicity
Ethnicity : Not Hispanic or Latino,race_ethnicity
Ethnicity: Not Hispanic or Latino,race_ethnicity
Ethnicity: Not Reported,race_ethnicity
Ethnicity - Other,race_ethnicity
Ethnicity-Other,race_ethnicity
Ethnicity: Other ethnic group,race_ethnicity
Ethnicity : Unknown,race_ethnicity
Ethnicity: White British,race_ethnicity
Ethnic minority groups,race_ethnicity
Ethnic Sami,race_ethnicity
Euro American/Caucasian,race_ethnicity
European,race_ethnicity
European American/White,race_ethnicity
European Caucasian,race_ethnicity
European/Caucasian,race_ethnicity
"European (e.g., British, French, Western European, Eastern European)",race_ethnicity
European/Middle Eastern,race_ethnicity
Ewe,race_ethnicity
Filipino,race_ethnicity
"Filipino, Asian, or Asian Pacific Islander",race_ethnicity
"First Generation, Non-Mixed Chinese",race_ethnicity
First nations,race_ethnicity
First Nations,race_ethnicity
France n=1051 (Ethnic origin was not provided,race_ethnicity
French,race_ethnicity
Fula,race_ethnicity
FULA,race_ethnicity
Fula/Peulh,race_ethnicity
Ga/Dangbe,race_ethnicity
Gambian,race_ethnicity
Gipsy,race_ethnicity
Giriama,race_ethnicity
Greek,race_ethnicity
Guamanian or Chamorro,race_ethnicity
Guyana,race_ethnicity
Haitian,race_ethnicity
Han,race_ethnicity
HAN,race_ethnicity
Han Chinese,race_ethnicity
Han ethnicity,race_ethnicity
Han nationality,race_ethnicity
Han Nationality,race_ethnicity
Hausa,race_ethnicity
Hawaiian,race_ethnicity
Hawaiian Native or Other Pacific Islander,race_ethnicity
Hawaiian or other Pacific Islander,race_ethnicity
Hawaiian or Other Pacific Islander,race_ethnicity
Hawaiian or Pacific Islander,race_ethnicity
Hawaiian or Pacific Islander only,race_ethnicity
Hawaiian/Pacific Islander,race_ethnicity
Haya,race_ethnicity
Hindu,race_ethnicity
hispanic,race_ethnicity
Hispanic,race_ethnicity
HIspanic,race_ethnicity
HISPANIC,race_ethnicity
"Hispanic, African American",race_ethnicity
Hispanic (all races),race_ethnicity
"Hispanic, all races",race_ethnicity
Hispanic American,race_ethnicity
Hispanic American/Latinx,race_ethnicity
Hispanic And Caucasian,race_ethnicity
Hispanic and/or Latino,race_ethnicity
"Hispanic, Any Race",race_ethnicity
Hispanic black,race_ethnicity
Hispanic Black,race_ethnicity
Hispanic (black or white),race_ethnicity
Hispanic Caucasian,race_ethnicity
Hispanic (Cuban),race_ethnicity
Hispanice or Latino,race_ethnicity
Hispanic (ethnicity),race_ethnicity
Hispanic ethnicity,race_ethnicity
Hispanic Ethnicity,race_ethnicity
Hispanic Latina,race_ethnicity
Hispanic/Latina,race_ethnicity
Hispanic/Latine,race_ethnicity
Hispanic / Latino,race_ethnicity
Hispanic Latino,race_ethnicity
"Hispanic, Latino",race_ethnicity
Hispanic/ Latino,race_ethnicity
Hispanic/Latino,race_ethnicity
Hispanic/Latino/a,race_ethnicity
Hispanic/Latino and/or non-Caucasian,race_ethnicity
Hispanic/Latino (any race),race_ethnicity
"Hispanic, Latino/a or of Spanish origin",race_ethnicity
Hispanic/ Latino(a) or of Spanish Origin,race_ethnicity
Hispanic/Latino/a/x (any race),race_ethnicity
Hispanic/latino:No,race_ethnicity
Hispanic/Latino of any race,race_ethnicity
"Hispanic, Latino, or of Spanish Origin",race_ethnicity
"Hispanic, Latino or other Spanish origin",race_ethnicity
"Hispanic, Latino or Spanish",race_ethnicity
"Hispanic, Latino, or Spanish Origin",race_ethnicity
Hispanic/Latino/Spanish Origin,race_ethnicity
Hispanic/latino:Yes,race_ethnicity
Hispanic / Latinx,race_ethnicity
Hispanic/Latinx,race_ethnicity
Hispanic/LatinX,race_ethnicity
"Hispanic/LatinX, any race",race_ethnicity
"Hispanic, Latinx, or Spanish Origin",race_ethnicity
"Hispanic/Latinx, or Spanish Origin",race_ethnicity
Hispanic (Mexican),race_ethnicity
Hispanic Mexican mestizo,race_ethnicity
Hispanic Native American,race_ethnicity
Hispanic (non-African American),race_ethnicity
Hispanic (not African American),race_ethnicity
"Hispanic, not African American",race_ethnicity
Hispanic (Not African-American),race_ethnicity
"Hispanic, not otherwise specified",race_ethnicity
Hispanic of any race,race_ethnicity
Hispanic or Latin,race_ethnicity
Hispanic or Latina,race_ethnicity
hispanic or latino,race_ethnicity
Hispanic or latino,race_ethnicity
Hispanic or Latino,race_ethnicity
Hispanic Or Latino,race_ethnicity
HISPANIC OR LATINO,race_ethnicity
Hispanic or Latino(a),race_ethnicity
Hispanic or Latino/a,race_ethnicity
"Hispanic or Latino/a, or of Spanish Origin",race_ethnicity
Hispanic or Latino Ethnicity,race_ethnicity
Hispanic or Latino origin,race_ethnicity
Hispanic or Latino or Latino only,race_ethnicity
Hispanic or Latino or Puerto Rican,race_ethnicity
Hispanic or Latino (regardless of race),race_ethnicity
Hispanic or Latinx,race_ethnicity
Hispanic or LatinX,race_ethnicity
Hispanic or Lation,race_ethnicity
Hispanic other,race_ethnicity
Hispanic/other,race_ethnicity
Hispanic/Other,race_ethnicity
"Hispanic/other, English interview",race_ethnicity
Hispanic (Puerto Rican),race_ethnicity
"Hispanic, regardless of race",race_ethnicity
Hispanic (Regardless of Race),race_ethnicity
Hispanics,race_ethnicity
"Hispanic, Spanish interview",race_ethnicity
Hispanic white,race_ethnicity
Hispanic White,race_ethnicity
Hmong,race_ethnicity
Hmong/Miao minority,race_ethnicity
Hopi,race_ethnicity
Hormonal Contraceptive,race_ethnicity
Hui Chinese,race_ethnicity
Hui ethnicity,race_ethnicity
Hui minority,race_ethnicity
Human Thrombin,race_ethnicity
I don't know / Not sure,race_ethnicity
I identify in another way,race_ethnicity
India,race_ethnicity
Indian,race_ethnicity
INDIAN (AMERICAN ) OR ALASKA NATIVE,race_ethnicity
Indian ancestry,race_ethnicity
Indian/Asian,race_ethnicity
Indian (Indian subcontinent),race_ethnicity
Indian or Asian,race_ethnicity
Indian/Pakistani/Bangladeshi,race_ethnicity
Indian/South Asian,race_ethnicity
Indian subcontinent Asian,race_ethnicity
Indigenous,race_ethnicity
Indigenous Austrailian,race_ethnicity
Indigenous / First Nations,race_ethnicity
Indigenous/Native American,race_ethnicity
"Indigenous Peoples, Native American, Alaskan Native",race_ethnicity
Indigenous Person,race_ethnicity
Indigenous swede,race_ethnicity
Indo-Caribbean,race_ethnicity
Indonesian,race_ethnicity
Injectable,race_ethnicity
Injected or implanted hormonal methods,race_ethnicity
I prefer not to answer / No response,race_ethnicity
Iranian,race_ethnicity
Irish,race_ethnicity
Islander,race_ethnicity
IUD/Implant,race_ethnicity
IUD plus barrier method,race_ethnicity
Janajati,race_ethnicity
Japan,race_ethnicity
Japanese,race_ethnicity
JAPANESE,race_ethnicity
Japanese/American,race_ethnicity
Japanese/East Asian Heritage (EAH)/South EAH,race_ethnicity
Japanese/East Asian Her/South East Asian Her,race_ethnicity
Japanese/East Asian /South East Asian Heritage,race_ethnicity
Japanese from Japan,race_ethnicity
Japanese Her.,race_ethnicity
Japanese Her./East Asian Her/South East Asian Her.,race_ethnicity
Japanese Her/East Asian Her/South East Asian Her,race_ethnicity
Japanese Heritage,race_ethnicity
JAPANESE HERITAGE(H)/EAST A H/SOUTH EAST A H,race_ethnicity
Japanese Heritage(H)/eastAsian (H)/Southeast Asian (H),race_ethnicity
Javanese,race_ethnicity
Jewish,race_ethnicity
"Jewish, not Ultra-Orthodox",race_ethnicity
"Jewish, Ultra-Orthodox",race_ethnicity
Jola,race_ethnicity
Jordanian,race_ethnicity
Karenn,race_ethnicity
Karenni,race_ethnicity
Kazakh,race_ethnicity
Khmou,race_ethnicity
Korean,race_ethnicity
Kurya,race_ethnicity
Kuwaiti,race_ethnicity
Lao,race_ethnicity
Laotian,race_ethnicity
Latin,race_ethnicity
Latina,race_ethnicity
Latina/Latino/Hispanic,race_ethnicity
Latin American,race_ethnicity
Latin-American,race_ethnicity
LATIN AMERICAN,race_ethnicity
Latin Central and South American,race_ethnicity
"Latin, Central and South American (e.g., Mexican, Argentinian, Brazilian, Chilean)",race_ethnicity
"Latine, any race",race_ethnicity
latino,race_ethnicity
Latino,race_ethnicity
Latino American,race_ethnicity
Latino/Caribbean,race_ethnicity
Latino/hispanic,race_ethnicity
Latino/Hispanic,race_ethnicity
"Latino/Hispanic, Any Race",race_ethnicity
Latino / Latina,race_ethnicity
Latino/Mestizo,race_ethnicity
Latino or Hispanic,race_ethnicity
Latino or Hispanic American,race_ethnicity
Latinx,race_ethnicity
LatinX,race_ethnicity
Latinx/Hispanic,race_ethnicity
LatinX/Hispanic,race_ethnicity
Latinx/Hispanic & Black & American Indian/Alaska Native,race_ethnicity
Lebanese,race_ethnicity
Lobar,race_ethnicity
Local regulators did not allow collection of race or ethnicity information,race_ethnicity
Luhya,race_ethnicity
Luo,race_ethnicity
Macedonians,race_ethnicity
Madhesi,race_ethnicity
Makassar,race_ethnicity
Malay,race_ethnicity
Malaysian,race_ethnicity
Male Partner Sterilization,race_ethnicity
Man Chinese,race_ethnicity
Mandika/Malinke,race_ethnicity
Manding/Soce,race_ethnicity
Mandinka,race_ethnicity
Manjago,race_ethnicity
Marked Hispanic only,race_ethnicity
Mauritian - South Asian,race_ethnicity
MEDITERRANEAN,race_ethnicity
Mestizo,race_ethnicity
"Metis, aboriginal",race_ethnicity
Mexican,race_ethnicity
"Mexican American, Latino, Hispanic",race_ethnicity
Mexican/Chicano,race_ethnicity
"Mexican, Mexican American, Chicano",race_ethnicity
"Mexican, Mexican American, or Chicano",race_ethnicity
"Mexican, Puerto Rican, Cuban, Central or South Am.",race_ethnicity
Micronesian,race_ethnicity
Middle Eastern,race_ethnicity
MIddle Eastern,race_ethnicity
MIDDLE EASTERN,race_ethnicity
Middle Eastern/North African,race_ethnicity
Middle Eastern or Arab American,race_ethnicity
Middle Eastern or North African,race_ethnicity
Middle Eeastern or North African,race_ethnicity
Midwest,race_ethnicity
Minority,race_ethnicity
minority ethnicity,race_ethnicity
missing,race_ethnicity
Missing,race_ethnicity
MISSING,race_ethnicity
Missing confirmed,race_ethnicity
Missing data,race_ethnicity
Missing Data,race_ethnicity
Missing/declined,race_ethnicity
Missing (Did not respond),race_ethnicity
Missing: None of the Available Races Applied,race_ethnicity
Missing/Not collected at this site,race_ethnicity
Missing/Not reported,race_ethnicity
Missing/ Not Specified,race_ethnicity
Missing or Not reported,race_ethnicity
Missing race data,race_ethnicity
Missing response/did not wish to answer,race_ethnicity
Missing/Unknown,race_ethnicity
MISSING/UNKNOWN,race_ethnicity
Mixed,race_ethnicity
Mixed (â‰¥2 race categories),race_ethnicity
Mixed Aboriginal-Canadian,race_ethnicity
Mixed - Any other mixed background,race_ethnicity
Mixed Asian Race,race_ethnicity
Mixed Black,race_ethnicity
Mixed ethnic group,race_ethnicity
(Mixed ethnic group:) Other mixed ethnic group,race_ethnicity
(Mixed ethnic group:) White / Black Caribbean,race_ethnicity
(Mixed ethnic group:) White / Other,race_ethnicity
Mixed ethnicity,race_ethnicity
Mixed Ethnicity,race_ethnicity
Mixed heritage,race_ethnicity
Mixed Hispanic/Native American,race_ethnicity
Mixed Latin-American,race_ethnicity
"Mixed, Mulitple ethnic groups",race_ethnicity
Mixed/Multiple ethnic,race_ethnicity
Mixed/Multiple ethnic backgrounds,race_ethnicity
Mixed/Multiple ethnic groups,race_ethnicity
Mixed/Multiple Ethnic Groups,race_ethnicity
Mixed/multi-racial,race_ethnicity
Mixed native,race_ethnicity
"Mixed, of Predominantly African Ancestry",race_ethnicity
Mixed origin,race_ethnicity
Mixed Origin,race_ethnicity
Mixed or Multiple ethnic groups,race_ethnicity
Mixed or multi-racial,race_ethnicity
Mixed or Other,race_ethnicity
Mixed/Other,race_ethnicity
Mixed race,race_ethnicity
Mixed Race,race_ethnicity
MIXED RACE,race_ethnicity
Mixed race: AI or AN and White,race_ethnicity
Mixed race/not reported,race_ethnicity
Mixed Race or Ethnicity,race_ethnicity
Mixed race or multiracial,race_ethnicity
Mixed race or non-Chinese,race_ethnicity
Mixed race/Other,race_ethnicity
Mixed race- White and Asian,race_ethnicity
Mixed (White/AA),race_ethnicity
Mixed (White and Asian),race_ethnicity
Mixed (White/Black),race_ethnicity
"Mixed (White/Black, White/Asian, other)",race_ethnicity
Mixed white race,race_ethnicity
Mixed White race,race_ethnicity
Mixed White Race,race_ethnicity
MIXED WHITE RACE,race_ethnicity
Mongoloid,race_ethnicity
More than 1,race_ethnicity
More than 1 race,race_ethnicity
More than 1 Race,race_ethnicity
More than 1 Race/Ethnicity,race_ethnicity
More than 1 race reported,race_ethnicity
"More than once race reported, non-Hispanic",race_ethnicity
More than one,race_ethnicity
More than One,race_ethnicity
More than one category,race_ethnicity
More than one ethnicity,race_ethnicity
More than one race,race_ethnicity
More than one race:,race_ethnicity
More than one Race,race_ethnicity
More than One Race,race_ethnicity
More Than One Race,race_ethnicity
More than one race/ethnicity,race_ethnicity
More than one race (Multiracial),race_ethnicity
"More than one race, non-Latina",race_ethnicity
More than One Race or Other,race_ethnicity
More than one race or other race,race_ethnicity
More than one race selected,race_ethnicity
Mulatto,race_ethnicity
Multicultural,race_ethnicity
Multi-National,race_ethnicity
Multi/Other,race_ethnicity
Multiple,race_ethnicity
MULTIPLE,race_ethnicity
Multiple- AI or Alaska Native and White Heritage,race_ethnicity
Multiple - American Indian/Alaska Native and White,race_ethnicity
Multiple: American Indian or Alaska Native and White,race_ethnicity
Multiple: American Indian or Alaska Native & White,race_ethnicity
Multiple-Asian and White,race_ethnicity
"Multiple - Asian, White",race_ethnicity
Multiple-Black/African American and White Heritage,race_ethnicity
Multiple- Black or AA and White Heritage,race_ethnicity
Multiple-Black or African American and White,race_ethnicity
Multiple: Black or African American & White,race_ethnicity
Multiple categories checked,race_ethnicity
Multiple Ethnoracial Categories,race_ethnicity
Multiple origin,race_ethnicity
Multiple or other,race_ethnicity
Multiple/Other,race_ethnicity
Multiple/other/declined,race_ethnicity
"Multiple, Other, or Unknown",race_ethnicity
Multiple/Other/Unknown,race_ethnicity
Multiple race,race_ethnicity
Multiple Race,race_ethnicity
Multiple Race/Ethnicity Selected,race_ethnicity
Multiple Race (NOS),race_ethnicity
Multiple races,race_ethnicity
Multiple Races,race_ethnicity
Multiple races and/or ethnicities indicated,race_ethnicity
Multiple races or other,race_ethnicity
Multiple Races Reported,race_ethnicity
Multiple races selected,race_ethnicity
Multiple/Refused,race_ethnicity
Multiple Selected,race_ethnicity
Multiple (White and Asian),race_ethnicity
MULTIPLE-W-W/CAUCASIAN/EUR HER ASI - EAST ASI HER,race_ethnicity
Multi race,race_ethnicity
Multi-race,race_ethnicity
Multirace,race_ethnicity
Multi-Race,race_ethnicity
Multi-race/ethnicity,race_ethnicity
multi-racial,race_ethnicity
multiracial,race_ethnicity
Multi-racial,race_ethnicity
Multiracial,race_ethnicity
Multi-Racial,race_ethnicity
Multi-racial (American Indian / White),race_ethnicity
Multiracial group,race_ethnicity
"Multiracial, Hispanic",race_ethnicity
Multiracial/Multiethnic,race_ethnicity
Multiracial/Multiple Races,race_ethnicity
"Multi-racial, non-Hispanic",race_ethnicity
Multiracial-non-Hispanic,race_ethnicity
Multi-racial or biracial,race_ethnicity
Multiracial or biracial,race_ethnicity
Multiracial or multiethnic,race_ethnicity
Multiracial or other,race_ethnicity
Multi-racial or Other,race_ethnicity
Multiracial/other,race_ethnicity
Multi-racial/ Other,race_ethnicity
Multi-racial/Other,race_ethnicity
Multiracial/Other,race_ethnicity
Multiracial/other race,race_ethnicity
Mutiple,race_ethnicity
Muti-racial,race_ethnicity
Mutli Race,race_ethnicity
Myanmarese,race_ethnicity
N/A,race_ethnicity
NA,race_ethnicity
Native,race_ethnicity
Native/Aboriginal,race_ethnicity
Native American,race_ethnicity
Native American/Alaskan,race_ethnicity
Native American/Alaskan Aleutian,race_ethnicity
Native American / Alaska Native,race_ethnicity
"Native American, Alaskan native",race_ethnicity
Native American/Alaskan native,race_ethnicity
Native American/Alaskan Native,race_ethnicity
Native American/American Indian/Alaskan Native,race_ethnicity
Native American And Caucasian,race_ethnicity
Native American/Eskimo,race_ethnicity
"Native American, Hawaiian or Alaskan",race_ethnicity
Native American/Indigenous,race_ethnicity
Native American/Native Alaskan,race_ethnicity
Native American or Alaska Native,race_ethnicity
Native American or Alaskan Native,race_ethnicity
Native American or American Indian,race_ethnicity
Native American or other Pacific Islander,race_ethnicity
Native American or Other Pacific Islander,race_ethnicity
Native American/Pacific Islander,race_ethnicity
Native Amer. Indian/ Alaskan Native,race_ethnicity
Native Arab,race_ethnicity
Native Canadian,race_ethnicity
Native Hawaiian,race_ethnicity
Native Hawaiian/Alaskan Native/American Indian,race_ethnicity
"Native Hawaiian, Alaskan Native, or American Indian",race_ethnicity
Native Hawaiian and other Pacific Islander,race_ethnicity
Native Hawaiian of Pacific Islander,race_ethnicity
Native Hawaiian or Other,race_ethnicity
Native Hawaiian or other Pacific,race_ethnicity
Native Hawaiian or Other Pacific,race_ethnicity
Native Hawaiian Or Other Pacific,race_ethnicity
Native Hawaiian or other Pacific Island,race_ethnicity
Native Hawaiian or other Pacific Islande,race_ethnicity
Native hawaiian or other pacific islander,race_ethnicity
Native Hawaiian or other pacific islander,race_ethnicity
Native Hawaiian or other Pacific islander,race_ethnicity
Native Hawaiian or other Pacific Islander,race_ethnicity
Native Hawaiian or Other Pacific Islander,race_ethnicity
Native Hawaiian or Other Pacific Islander.,race_ethnicity
Native Hawaiian or Other Pacific Islander:,race_ethnicity
Native Hawaiian Or Other Pacific Islander,race_ethnicity
NATIVE HAWAIIAN OR OTHER PACIFIC ISLANDER,race_ethnicity
Native Hawaiian or Other Pacific Islander Heritage,race_ethnicity
"Native Hawaiian or Other Pacific Islander, Native, Other, and Multiracial (Non-Hispanic)",race_ethnicity
Native Hawaiian or Other Pacific Islanders,race_ethnicity
Native Hawaiian or other Pacific Islander & White,race_ethnicity
Native Hawaiian or Other Pacific Islander & White,race_ethnicity
Native Hawaiian or Pacific Islander,race_ethnicity
Native Hawaiian/other Pacific Highlander,race_ethnicity
Native Hawaiian Other Pacific Island,race_ethnicity
Native Hawaiian/other Pacific Islander,race_ethnicity
Native Hawaiian / Other Pacific Islander,race_ethnicity
Native Hawaiian/ Other Pacific Islander,race_ethnicity
Native Hawaiian/Other Pacific Islander,race_ethnicity
NATIVE HAWAIIAN/OTHER PACIFIC ISLANDER,race_ethnicity
Native Hawaiian / Pacific Islander,race_ethnicity
Native Hawaiian/ Pacific Islander,race_ethnicity
Native Hawaiian/Pacific Islander,race_ethnicity
Native Hawaiin or Other Pacific Islander,race_ethnicity
Native Hawaii / Pacific Islander,race_ethnicity
Native Hawiian or Other Pacific Islander,race_ethnicity
Native Indian,race_ethnicity
Native Indian (Kuna),race_ethnicity
Native (native Brazilian-Xavante/Kaigang/Guarani),race_ethnicity
Native South American,race_ethnicity
Navajo,race_ethnicity
Negroid,race_ethnicity
Neither Aboriginal nor Torres Strait Islander,race_ethnicity
Never,race_ethnicity
New Zealand European,race_ethnicity
no,race_ethnicity
No,race_ethnicity
No answer,race_ethnicity
No contraceptive use,race_ethnicity
No data,race_ethnicity
NO DATA,race_ethnicity
No Ethnicity,race_ethnicity
Non-Asian,race_ethnicity
Non-black,race_ethnicity
Non-Black,race_ethnicity
Non-Black/African-American,race_ethnicity
Non-Black Hispanic,race_ethnicity
Non-Black/Non-African American,race_ethnicity
Non caucasian,race_ethnicity
Non-caucasian,race_ethnicity
Non-Caucasian,race_ethnicity
Non-Caucasion,race_ethnicity
Non-Chinese,race_ethnicity
Non-disclosed,race_ethnicity
None,race_ethnicity
None of the above,race_ethnicity
non-Hispanic,race_ethnicity
Non-hispanic,race_ethnicity
Non Hispanic,race_ethnicity
Non-Hispanic,race_ethnicity
NonHispanic,race_ethnicity
non-Hispanic African American,race_ethnicity
Non-Hispanic African American,race_ethnicity
Non-Hispanic African-American,race_ethnicity
Non-Hispanic African American/black,race_ethnicity
Non-Hispanic American Indian,race_ethnicity
Non-Hispanic and Latino,race_ethnicity
Non-Hispanic and Non-Latino,race_ethnicity
non-Hispanic Asian,race_ethnicity
Non- Hispanic Asian,race_ethnicity
Non-Hispanic Asian,race_ethnicity
Non-Hispanic Asian/Hawaiian/Pacific Islander,race_ethnicity
Non-Hispanic Asian / Pacific Islander,race_ethnicity
non-Hispanic Black,race_ethnicity
Non-Hispanic black,race_ethnicity
Non Hispanic Black,race_ethnicity
Non Hispanic-Black,race_ethnicity
Non- Hispanic Black,race_ethnicity
Non-Hispanic Black,race_ethnicity
Non-Hispanic Black / African-American,race_ethnicity
Non-Hispanic Black/African American,race_ethnicity
Non-Hispanic black or African America,race_ethnicity
Non-Hispanic Black or African American,race_ethnicity
non-Hispanic Black or Black/Mixed Race,race_ethnicity
Non-Hispanic Caucasian,race_ethnicity
Non-hispanic (ethnicity),race_ethnicity
"Non-Hispanic, Latino",race_ethnicity
Non-Hispanic/Latino,race_ethnicity
Non-Hispanic/Latino Caucasian,race_ethnicity
Non-Hispanic/Latinx,race_ethnicity
Non-Hispanic/LatinX,race_ethnicity
Non-Hispanic Multi-race,race_ethnicity
Non-Hispanic Multiracial,race_ethnicity
Non-Hispanic Multi-Racial,race_ethnicity
Non-Hispanic/non-Latino,race_ethnicity
Non-Hispanic or Haitian,race_ethnicity
Non hispanic or Latino,race_ethnicity
Non Hispanic or Latino,race_ethnicity
Non-Hispanic or Latino,race_ethnicity
non hispanic or latino/ asian,race_ethnicity
Non hispanic or latino/ white,race_ethnicity
Non-Hispanic or non-Latino,race_ethnicity
Non-Hispanic or Non-Latino,race_ethnicity
Non-Hispanic or Non-Latino origin,race_ethnicity
Non-Hispanic Other,race_ethnicity
"Non-Hispanic, other/multiple races",race_ethnicity
Non-Hispanic Other or Unknown,race_ethnicity
non-Hispanic Other Race,race_ethnicity
Non-Hispanic Others/Multiracial,race_ethnicity
"Non-Hispanic, two or more races",race_ethnicity
non-Hispanic White,race_ethnicity
Non-hispanic white,race_ethnicity
Non-Hispanic white,race_ethnicity
Non Hispanic White,race_ethnicity
Non Hispanic-White,race_ethnicity
Non- Hispanic White,race_ethnicity
Non-Hispanic White,race_ethnicity
"Non-Hispanic, White",race_ethnicity
Non-Hispanic White only,race_ethnicity
Non-Hispanic White or Euro-American,race_ethnicity
Non-Hormonal Contraceptive,race_ethnicity
Non-Korean,race_ethnicity
Non-Latine White,race_ethnicity
Non-Latino,race_ethnicity
Non-Latino Asian,race_ethnicity
Non-Latino Black,race_ethnicity
Non-Latino White,race_ethnicity
"Non Spanish speaking, Non Hispanic",race_ethnicity
"Non Spanish Speaking, Non Hispanic",race_ethnicity
Non-Western,race_ethnicity
non-White,race_ethnicity
Non white,race_ethnicity
Non-white,race_ethnicity
Non White,race_ethnicity
Non-White,race_ethnicity
Non-White/Multiple,race_ethnicity
Non-White/Multiple selected/Missing,race_ethnicity
Non-White or Hispanic,race_ethnicity
Non-white race,race_ethnicity
Nonwhite race,race_ethnicity
Non-White race,race_ethnicity
No or Not Reported,race_ethnicity
No response,race_ethnicity
No response provided,race_ethnicity
North African,race_ethnicity
North-African,race_ethnicity
North African descent,race_ethnicity
North African/Mediterranean,race_ethnicity
North African / Middle Eastern,race_ethnicity
North American Aboriginal,race_ethnicity
"North American Aboriginal (e.g., First Nations, Inuit, Metis)",race_ethnicity
North American Native,race_ethnicity
Northeast,race_ethnicity
Northeast Asian,race_ethnicity
North/Mid/East European,race_ethnicity
No specific ethnicity,race_ethnicity
"NOS Spanish, Hispanic, latino",race_ethnicity
"NOS Spanish, Hispanic, Latino",race_ethnicity
Not allowed based on local regulations,race_ethnicity
Not allowed to collect,race_ethnicity
Not Answered,race_ethnicity
Not applicable,race_ethnicity
Not Applicable,race_ethnicity
Not Applicable as per Local Regulations,race_ethnicity
Not available,race_ethnicity
Not Available,race_ethnicity
Not Colected or Reported,race_ethnicity
Not collected,race_ethnicity
Not Collected,race_ethnicity
Not collected as per local laws,race_ethnicity
Not collected at this site,race_ethnicity
Not Collected - European Participants,race_ethnicity
Not collected/Missing,race_ethnicity
Not collected or reported,race_ethnicity
Not Collected or Reported,race_ethnicity
Not Collected or Unknown,race_ethnicity
Not collected per local regulations,race_ethnicity
Not collected per local Regulations,race_ethnicity
Not Collected per Local Regulations,race_ethnicity
Not Collected/Unknown,race_ethnicity
Not disclosed,race_ethnicity
Not Disclosed,race_ethnicity
Not Disclosed; Hispanic or Latino,race_ethnicity
Not documented,race_ethnicity
Not enrolled in or descended from a federally-recognized Tribe,race_ethnicity
Note specified,race_ethnicity
Not given,race_ethnicity
NOT HAN,race_ethnicity
Nothing,race_ethnicity
Not Hispanic,race_ethnicity
"Not Hispanic, Black",race_ethnicity
Not Hispanic Ethnicity,race_ethnicity
Not Hispanic/Latina,race_ethnicity
Not Hispanic/Latine,race_ethnicity
Not Hispanic / Latino,race_ethnicity
Not Hispanic/ Latino,race_ethnicity
Not Hispanic/Latino,race_ethnicity
Not Hispanic/Latino(a)/of Spanish Origin,race_ethnicity
"Not Hispanic, Latino/a or of Spanish origin",race_ethnicity
"Not Hispanic, Latino/a, or of Spanish Origin",race_ethnicity
"Not Hispanic, Latino or Spanish",race_ethnicity
Not Hispanic / Latinx,race_ethnicity
Not Hispanic/Not Latina,race_ethnicity
Not Hispanic of Latino,race_ethnicity
Not hispanic or latino,race_ethnicity
Not Hispanic or latino,race_ethnicity
Not Hispanic or Latino,race_ethnicity
Not Hispanic Or Latino,race_ethnicity
Not HIspanic or Latino,race_ethnicity
NOT HISPANIC OR LATINO,race_ethnicity
"Not Hispanic or Latino, Other, or Unknown",race_ethnicity
Not Hispanic or Latino/ Unknown,race_ethnicity
not Hispanic or Latinx,race_ethnicity
Not Hispanic or LatinX,race_ethnicity
"Not Hispanic, Other",race_ethnicity
"Not Hispanic, Other (incl. Native American, Asian/Pacific Islander, More than one)",race_ethnicity
Not Hispanic/unknown,race_ethnicity
"Not Hispanic, White",race_ethnicity
Not known,race_ethnicity
Not listed,race_ethnicity
Not non-hispanic white,race_ethnicity
"Not non-Hispanic, White",race_ethnicity
"Not of Hispanic, Latino/a, or Spanish origin",race_ethnicity
"Not of Hispanic, Latino/a, or Spanish Origin",race_ethnicity
"Not of Hispanic or Latino/a, or of Spanish Origin",race_ethnicity
"Not of Hispanic or Latino/a, or Spanish Origin",race_ethnicity
Not Otherwise Specified,race_ethnicity
"Not Otherwise Specified, Spanish, Hispanic, Latino",race_ethnicity
Not permitted,race_ethnicity
Not Permitted,race_ethnicity
Not provided,race_ethnicity
Not Provided,race_ethnicity
Not provided/not available,race_ethnicity
Not provided or available,race_ethnicity
Not race available,race_ethnicity
Not recorded,race_ethnicity
Not recorded in EMR,race_ethnicity
Not Report,race_ethnicity
Not reportable,race_ethnicity
Not Reportable,race_ethnicity
Not reportable per local laws or regulations,race_ethnicity
not reported,race_ethnicity
Not reported,race_ethnicity
Not Reported,race_ethnicity
NOT REPORTED,race_ethnicity
Not Reported by subject,race_ethnicity
Not reported due to confidentiality regulations,race_ethnicity
Not Reported due to Confidentiality Regulations,race_ethnicity
Not Reported Due to Confidentiality Regulations,race_ethnicity
Not Reported Due To Confidentiality Regulations,race_ethnicity
Not Reported In France,race_ethnicity
Not reported / Missing,race_ethnicity
Not Reported / Missing,race_ethnicity
Not Reported/Missing,race_ethnicity
"Not Reported, Not Hispanic or Latino",race_ethnicity
Not Reported or Collected,race_ethnicity
Not reported or Unknown,race_ethnicity
Not reported/Other,race_ethnicity
Not reported / Refuse to disclose,race_ethnicity
Not reported/unknown,race_ethnicity
Not Reported/Unknown,race_ethnicity
Not Retrieved,race_ethnicity
"Not Spanish, Hispanic or Latino",race_ethnicity
Not specified,race_ethnicity
Not Specified,race_ethnicity
"Not Specified, Not Specified",race_ethnicity
Not stated,race_ethnicity
Not Stated,race_ethnicity
Not sure,race_ethnicity
not white,race_ethnicity
Not White,race_ethnicity
"Oceania (e.g., Australian, New Zealander, Pacific Islander)",race_ethnicity
Often to Almost Always,race_ethnicity
Oher,race_ethnicity
Once a month,race_ethnicity
Once a week,race_ethnicity
Once a year,race_ethnicity
Only ethnicity (race unknown),race_ethnicity
Only ethnicity reported,race_ethnicity
Oral,race_ethnicity
Oral contraception,race_ethnicity
Oriental,race_ethnicity
Oriental/Asian,race_ethnicity
Oriental (Asian other than Chinese or Japanese),race_ethnicity
Oriental (Japanese),race_ethnicity
other,race_ethnicity
Other,race_ethnicity
Other:,race_ethnicity
OTHER,race_ethnicity
Other (>1 race/ethnicity),race_ethnicity
"Other, >1 race, or unknown",race_ethnicity
Other African,race_ethnicity
Other - African + White-Caucasian,race_ethnicity
Other (all ethnicities),race_ethnicity
Other: American,race_ethnicity
Other and mixed race and ethnicity,race_ethnicity
Other - Any other ethnic group,race_ethnicity
Other Asian,race_ethnicity
Other: Assyrian,race_ethnicity
Other/Biracial/Biethnic/Prefer not to respond,race_ethnicity
"Other: Brazil, China, Mexico, MENA, Sub-Saharan Africa, Latin America, Europe, Asia, Oceania",race_ethnicity
Other categories (see publication for specification of other categories),race_ethnicity
Other: Caucasian,race_ethnicity
Other: Colombian,race_ethnicity
Other / Declined / Not Available,race_ethnicity
Other/Declined to identify,race_ethnicity
Other/Decline to disclose,race_ethnicity
"Other (e.g., multiracial)",race_ethnicity
Other ethnic group,race_ethnicity
Other Ethnic Group,race_ethnicity
Other ethnicity,race_ethnicity
Other Ethnicity,race_ethnicity
Other ethnic population (Non-Asian),race_ethnicity
Other EU,race_ethnicity
other European,race_ethnicity
Other (European/Arab),race_ethnicity
Other (free response),race_ethnicity
Other: Greek Spanish,race_ethnicity
Other Groups,race_ethnicity
"Other, Hispanic",race_ethnicity
Other: Hispanic,race_ethnicity
Other (Hispanic- Latino/Mixed),race_ethnicity
"Other, Hispanic or Latino",race_ethnicity
Other: Hispanic or Latino,race_ethnicity
"Other ( Includes American Indian or Alaska Native, Asian, and Native Hawaiian or Pacific Islander)",race_ethnicity
Other (including American Indian or Alaska Native),race_ethnicity
Other: including bi and mutiracial,race_ethnicity
Other including mixed or missing race,race_ethnicity
Other including mixed race,race_ethnicity
"Other, including mixed race",race_ethnicity
Other - Indian,race_ethnicity
Other: Indian Ocean Islander,race_ethnicity
Other (in France),race_ethnicity
Other: Iranian,race_ethnicity
Other: Kazakstan,race_ethnicity
Other: Latino,race_ethnicity
Other: Latino / Hispanic,race_ethnicity
"Other (Manchu, Tujia, Hui)",race_ethnicity
Other: Mauritius,race_ethnicity
Other: Mexican,race_ethnicity
Other minority,race_ethnicity
Other/Missing,race_ethnicity
Other (mixed),race_ethnicity
Other/mixed,race_ethnicity
Other/Mixed,race_ethnicity
Other Mixed Background,race_ethnicity
Other - Mixed origin,race_ethnicity
Other-Mixed Race,race_ethnicity
Other/Mixed Race,race_ethnicity
Other/Mixed/Unknown,race_ethnicity
"Other (Mix of races, e.g. African/White)",race_ethnicity
Other/ mized Non-Hispanic,race_ethnicity
"Other, More than one Race, or Unknown/Not Reported",race_ethnicity
"Other, More than One Race, or Unknown/Not Reported",race_ethnicity
Other (multiple),race_ethnicity
Other/Multiple,race_ethnicity
Other/multiple categories,race_ethnicity
Other/multiple/unknown,race_ethnicity
Other/multi-racial,race_ethnicity
Other/multiracial,race_ethnicity
Other/Multiracial,race_ethnicity
Other: Multi-racial,race_ethnicity
Other: Native American,race_ethnicity
Other NH,race_ethnicity
Other (No classification),race_ethnicity
Other (Nonblack),race_ethnicity
Other (non-Caucasian),race_ethnicity
Other (non-Hispanic),race_ethnicity
Other non-Hispanic,race_ethnicity
"Other, non-Hispanic",race_ethnicity
Other/non-Hispanic,race_ethnicity
Other (Non-Hispanic),race_ethnicity
"Other, Non-Hispanic",race_ethnicity
Other/Non-Hispanic,race_ethnicity
Other (non-latino/unknown ethnicity),race_ethnicity
"Other North American (e.g., Canadian, American, Ontarian, Quebecois, Acadian)",race_ethnicity
Other North East Asian,race_ethnicity
Other (Not Chinese),race_ethnicity
Other/Not Reported,race_ethnicity
Other (not specified),race_ethnicity
"Other, not specified",race_ethnicity
Other - Not specified,race_ethnicity
Other: Not specified,race_ethnicity
Other (Not Specified),race_ethnicity
"Other, Not Specified",race_ethnicity
Other / not stated,race_ethnicity
Other or >1 race/ethnicity reported,race_ethnicity
Other or missing,race_ethnicity
Other or Missing,race_ethnicity
Other or mixed,race_ethnicity
Other or Mixed,race_ethnicity
Other or More than One Race,race_ethnicity
Other or More Than One Race,race_ethnicity
Other or multiple,race_ethnicity
Other or Multiple Races,race_ethnicity
Other or multirace,race_ethnicity
Other or multiracial,race_ethnicity
Other or Multiracial,race_ethnicity
Other or no answer,race_ethnicity
Other or not reported,race_ethnicity
Other or Not Reported,race_ethnicity
Other or unknown,race_ethnicity
Other or Unknown,race_ethnicity
Other or Unknown Race/Ethnicity,race_ethnicity
Other Pacific Islander,race_ethnicity
Other (Patient declined to answer),race_ethnicity
Other People of Color,race_ethnicity
Other: Puerto Rican,race_ethnicity
other race,race_ethnicity
Other race,race_ethnicity
Other Race,race_ethnicity
"Other race, combined to maintain patient confidentiality",race_ethnicity
Other race -- described as Hispanic or Latinx,race_ethnicity
Other race / ethnicity,race_ethnicity
Other race/ethnicity,race_ethnicity
Other race indicated only,race_ethnicity
Other race/missing,race_ethnicity
Other race/multi-race,race_ethnicity
Other Races,race_ethnicity
Other racial/ethnic groups,race_ethnicity
others,race_ethnicity
Others,race_ethnicity
Other (Sinti),race_ethnicity
"Other Spanish Hispanic, or Latino",race_ethnicity
"Other Spanish, Hispanic, or Latino",race_ethnicity
Other (Specify): Black British,race_ethnicity
Other (Specify): [sic] Caribbean,race_ethnicity
Other (Taiwanese- Chinese),race_ethnicity
Other: Thai/White,race_ethnicity
Other than specified above,race_ethnicity
Other than white,race_ethnicity
other/unknown,race_ethnicity
Other / unknown,race_ethnicity
Other/unknown,race_ethnicity
Other/Unknown,race_ethnicity
Other/Unknown/Missing,race_ethnicity
Other/Unknown/Mixed ethnicity,race_ethnicity
Other- Unknown Mixed Heritage,race_ethnicity
Other/Unknown/Not Reported,race_ethnicity
"Other, Unknown, or Not reported",race_ethnicity
Other/unknown race/ethnicity,race_ethnicity
Other/Unlisted,race_ethnicity
Other (unspecified),race_ethnicity
Other-unspecified,race_ethnicity
Other (Unspecified),race_ethnicity
Other - Unspecified,race_ethnicity
Other-Unspecified,race_ethnicity
other/utd,race_ethnicity
Pacific islander,race_ethnicity
Pacific Islander,race_ethnicity
"Pacific Islander, Hispanic",race_ethnicity
"Pacific Islander, non-Hispanic",race_ethnicity
"Pacific Islander, Non-Hispanic",race_ethnicity
Pacific Islander or Hawaiian Native,race_ethnicity
Padang,race_ethnicity
Pakistani,race_ethnicity
Palembang,race_ethnicity
Pardo (Mixed Race or Mulatto),race_ethnicity
Patient chose not to answer,race_ethnicity
Patient Declined/ Missing,race_ethnicity
Persian,race_ethnicity
Peru,race_ethnicity
Peruvian,race_ethnicity
Phototype I,race_ethnicity
Phototype II,race_ethnicity
Phototype III,race_ethnicity
Phototype IV,race_ethnicity
Phototype V,race_ethnicity
Phototype VI,race_ethnicity
Polish,race_ethnicity
Prefer not to answer,race_ethnicity
Prefer Not to Answer,race_ethnicity
Prefer not to disclose,race_ethnicity
Prefer not to say,race_ethnicity
Prefer Not to Say,race_ethnicity
Preferred not to respond,race_ethnicity
Prefers not to answer,race_ethnicity
Prefer to self describe,race_ethnicity
Prefer to self-describe,race_ethnicity
Privacy,race_ethnicity
Puerto Rican,race_ethnicity
Puerto Rican/Caucasian,race_ethnicity
Pular/Toucouleur,race_ethnicity
Quechua,race_ethnicity
Race : American Indian or Alaska Native,race_ethnicity
Race : Asian,race_ethnicity
Race : Asian/oriental,race_ethnicity
Race : Black,race_ethnicity
Race : Black or African American,race_ethnicity
Race : Caucasian,race_ethnicity
Race/Ethnicity Unknown,race_ethnicity
Race not available to clinic,race_ethnicity
Race Not Collected,race_ethnicity
Race Not Disclosed,race_ethnicity
Race: Not reported,race_ethnicity
Race Not Reported,race_ethnicity
Race - Other,race_ethnicity
Race : Other,race_ethnicity
Race-Other,race_ethnicity
Race: Other,race_ethnicity
Race Unknown,race_ethnicity
Race : White,race_ethnicity
Race: White,race_ethnicity
Race: White-Caucasian,race_ethnicity
Racial/ethnic minority,race_ethnicity
Racial/Ethnic Minority,race_ethnicity
Rarely,race_ethnicity
Refused,race_ethnicity
Refused/Do not know/Not collected,race_ethnicity
Refused / prefer not to answer,race_ethnicity
Refused/Unknown,race_ethnicity
Refuse to answer,race_ethnicity
Riau,race_ethnicity
Roma European,race_ethnicity
Romanian,race_ethnicity
Russian,race_ethnicity
Samoan,race_ethnicity
San Carlos Apache,race_ethnicity
Sarahule/Sarakole,race_ethnicity
"Second Generation, Non-Mixed Chinese",race_ethnicity
Serahule,race_ethnicity
Serere,race_ethnicity
Sikh,race_ethnicity
Singaporean,race_ethnicity
Somali,race_ethnicity
Some other race,race_ethnicity
Some Other Race,race_ethnicity
"Some other race, ethnicity, or origin",race_ethnicity
Sometimes,race_ethnicity
South asian,race_ethnicity
South Asian,race_ethnicity
"South Asian Indian, Pakistani, Bangladeshi",race_ethnicity
South Asian Nepal,race_ethnicity
South Asian or Indian American,race_ethnicity
Southeast Asian,race_ethnicity
South East Asian,race_ethnicity
South East Asian Heritage,race_ethnicity
South European,race_ethnicity
South or Central American,race_ethnicity
South or West Asian,race_ethnicity
South/Southeast,race_ethnicity
Spanish/Hispanic,race_ethnicity
Sri Lankan,race_ethnicity
Sterilization,race_ethnicity
Sterilized,race_ethnicity
Students,race_ethnicity
Subject Choose not to Provide,race_ethnicity
Subject declined to answer/unknown,race_ethnicity
Subject does not know,race_ethnicity
Subject does not want to report,race_ethnicity
Subject/physician chose not to provide information,race_ethnicity
Subject/Physician Chose not to provide information,race_ethnicity
Subsaharan Africa,race_ethnicity
Sukuma,race_ethnicity
Sumatran,race_ethnicity
Sundanese,race_ethnicity
Taiwanese,race_ethnicity
Taiwanese or Chinese,race_ethnicity
Tan Nguyen,race_ethnicity
Teachers,race_ethnicity
Thai,race_ethnicity
Timor Lestian,race_ethnicity
Tujia minority,race_ethnicity
Turkish,race_ethnicity
Turkish Kurdish,race_ethnicity
Two ethnicities (Asian and Hispanic),race_ethnicity
Two or more,race_ethnicity
Two or More,race_ethnicity
Two or more races,race_ethnicity
Two or More Races,race_ethnicity
Unable to obtain,race_ethnicity
Unable to report,race_ethnicity
Unanswered,race_ethnicity
Unavailable or Unknown,race_ethnicity
undisclosed,race_ethnicity
Undisclosed,race_ethnicity
United States,race_ethnicity
Unknkown,race_ethnicity
Unknow,race_ethnicity
unknown,race_ethnicity
Unknown,race_ethnicity
Unknown:,race_ethnicity
UNKNOWN,race_ethnicity
Unknown/Did Not Report,race_ethnicity
Unknown/do not want to specify,race_ethnicity
Unknown ethnicity,race_ethnicity
Unknown/missing,race_ethnicity
Unknown / Missing,race_ethnicity
Unknown/Missing,race_ethnicity
Unknown / No information,race_ethnicity
Unknown/Non-Hispanic,race_ethnicity
Unknown / Not Answered,race_ethnicity
Unknown/Not Listed,race_ethnicity
"Unknown, not reported",race_ethnicity
Unknown/not reported,race_ethnicity
Unknown/ Not reported,race_ethnicity
Unknown/Not reported,race_ethnicity
Unknown/Not-reported,race_ethnicity
Unknown / Not Reported,race_ethnicity
Unknown/ Not Reported,race_ethnicity
Unknown/Not Reported,race_ethnicity
Unknown / Not Specified,race_ethnicity
Unknown - Not stated,race_ethnicity
Unknown / Not Stated,race_ethnicity
Unknown or â‰¥2 races/ethnicities,race_ethnicity
Unknown or Missing,race_ethnicity
Unknown or not reported,race_ethnicity
Unknown or Not reported,race_ethnicity
Unknown or Not Reported,race_ethnicity
Unknown or Not Reported or Other,race_ethnicity
Unknown or Not Reports,race_ethnicity
Unknown or Others,race_ethnicity
Unknown or unable to report,race_ethnicity
Unknown/other,race_ethnicity
Unknown/Other,race_ethnicity
Unknown race,race_ethnicity
Unknown race and unknown ethnicity,race_ethnicity
Unknown race/ethnicity,race_ethnicity
Unknown/ Refused/ Missing,race_ethnicity
Unknown/Unable to collect,race_ethnicity
Unknown/Undocumented,race_ethnicity
unknown/unreported,race_ethnicity
Unknown/Unreported,race_ethnicity
Unknown/Unspecified,race_ethnicity
Unkown,race_ethnicity
Unkown or Not Reported,race_ethnicity
Unspecified,race_ethnicity
Unspecified or not reported,race_ethnicity
Vietnamese,race_ethnicity
Vinh Kien,race_ethnicity
Vu Linh,race_ethnicity
West,race_ethnicity
West Asian,race_ethnicity
West Asian (Indian sub-continent),race_ethnicity
Western,race_ethnicity
West Indian,race_ethnicity
Wh - Arabic/North African H,race_ethnicity
While,race_ethnicity
white,race_ethnicity
White,race_ethnicity
White:,race_ethnicity
WHITE,race_ethnicity
"White, Aboriginal Peoples of North America",race_ethnicity
White/African-American,race_ethnicity
White (all ethnicities),race_ethnicity
White (all other),race_ethnicity
White: American,race_ethnicity
White & American Indian/Alaska Native,race_ethnicity
"White, American Indian or Alaska native",race_ethnicity
"White, American Indian or Alaska Native",race_ethnicity
White and African descent,race_ethnicity
White and Asian Mixed,race_ethnicity
White and Black or African American,race_ethnicity
White and Hispanic / Latino,race_ethnicity
White - Any other White background,race_ethnicity
White-Arabic/North Afr/Caucasian/European Heritage,race_ethnicity
White - arabic / north african heritage,race_ethnicity
White - Arabic/ north African heritage,race_ethnicity
White - Arabic / North African heritage,race_ethnicity
White - Arabic//North African heritage,race_ethnicity
White - Arabic/North African heritage,race_ethnicity
White-Arabic / North African heritage,race_ethnicity
White-Arabic/North African heritage,race_ethnicity
White - Arabic / North African Heritage,race_ethnicity
White - Arabic/ North African Heritage,race_ethnicity
White - Arabic/North African Heritage,race_ethnicity
White -Arabic/North African Heritage,race_ethnicity
White- Arabic / North African Heritage,race_ethnicity
White- Arabic/ North African Heritage,race_ethnicity
White- Arabic/North African Heritage,race_ethnicity
White-Arabic/North African Heritage,race_ethnicity
White: Arabic/North African Heritage,race_ethnicity
WHITE - ARABIC/NORTH AFRICAN HERITAGE,race_ethnicity
WHITE-ARABIC NORTH AFR WHITE H,race_ethnicity
White + Asian,race_ethnicity
"White, Asian",race_ethnicity
White-Asian,race_ethnicity
"White, Asian-Non-Japanese",race_ethnicity
White: Australian/New Zealander,race_ethnicity
White & Black/African American,race_ethnicity
White/Black/Asian,race_ethnicity
White + Black or African,race_ethnicity
White + Black or African American,race_ethnicity
"White, Black or African American",race_ethnicity
"White, Black or African American, & American Indian or Alaskan Native",race_ethnicity
White - British,race_ethnicity
White British,race_ethnicity
White British/European,race_ethnicity
White British/Irish,race_ethnicity
"White (British, Irish, Other)",race_ethnicity
WHITE CARIBBEAN,race_ethnicity
White caucasian,race_ethnicity
White/caucasian,race_ethnicity
White (Caucasian),race_ethnicity
White / Caucasian,race_ethnicity
White Caucasian,race_ethnicity
"White, Caucasian",race_ethnicity
White-Caucasian,race_ethnicity
White/ Caucasian,race_ethnicity
White/Caucasian,race_ethnicity
White/Caucasian and American-Indian Alaska Native,race_ethnicity
White/Caucasian and Asian,race_ethnicity
White/Caucasian/European Her.,race_ethnicity
White - caucasian / european heritage,race_ethnicity
White - Caucasian / European heritage,race_ethnicity
White - Caucasian/ European heritage,race_ethnicity
White - Caucasian/European heritage,race_ethnicity
White-Caucasian/European heritage,race_ethnicity
White/Caucasian/European heritage,race_ethnicity
White - Caucasian / European Heritage,race_ethnicity
White - Caucasian/ European Heritage,race_ethnicity
White - Caucasian/European Heritage,race_ethnicity
White-Caucasian/European Heritage,race_ethnicity
White/Caucasian - European Heritage,race_ethnicity
White/Caucasian/European Heritage,race_ethnicity
WHITE - CAUCASIAN / EUROPEAN HERITAGE,race_ethnicity
WHITE/CAUCASIAN/EUROPEAN HERITAGE,race_ethnicity
"White - Caucasian / European heritage, n (%)",race_ethnicity
WHITE-CAUCASIAN EUROPEAN WHITE H,race_ethnicity
"White/Caucasian, Hispanic or Latino",race_ethnicity
"White (Caucasian, Non-Hispanic)",race_ethnicity
"White/Caucasian, Not Hispanic or Latino",race_ethnicity
"White/Caucasian, Not Reported",race_ethnicity
White/Caucasian/Other,race_ethnicity
White/Caucasian race,race_ethnicity
White/caucasion,race_ethnicity
"White/Caucasion, not of Hispanic origin",race_ethnicity
White/Declined to answer,race_ethnicity
White: Eastern European,race_ethnicity
White/English/Scottish/Welsh,race_ethnicity
White - English / Welsh / Scottish / Northern Iris,race_ethnicity
White Ethnicity Unknown,race_ethnicity
White (European),race_ethnicity
White / European,race_ethnicity
White European,race_ethnicity
White/European,race_ethnicity
White/European Descent,race_ethnicity
White/European origin,race_ethnicity
White & Grayish-Brown,race_ethnicity
White Heritage,race_ethnicity
White (hispanic),race_ethnicity
"White, hispanic",race_ethnicity
White - Hispanic,race_ethnicity
White Hispanic,race_ethnicity
"White, Hispanic",race_ethnicity
White/Hispanic,race_ethnicity
"White, Hispanic/Latino",race_ethnicity
"White (Hispanic, Latino or Spanish)",race_ethnicity
"White, Hispanic/Latinx",race_ethnicity
White & Hispanic or Latino,race_ethnicity
White/ Hispanic or Latino,race_ethnicity
White - Irish,race_ethnicity
White Irish,race_ethnicity
White-Irish,race_ethnicity
White: Mediterranean/Middle Eastern,race_ethnicity
White/Middle Eastern,race_ethnicity
White (Middle Eastern or North African),race_ethnicity
White mixed,race_ethnicity
White Mixed,race_ethnicity
White - Mixed Race,race_ethnicity
White Mountain Apache,race_ethnicity
White & Native American,race_ethnicity
White NH,race_ethnicity
White (non-hispanic),race_ethnicity
White non-hispanic,race_ethnicity
"White, non-hispanic",race_ethnicity
White (non Hispanic),race_ethnicity
White (non-Hispanic),race_ethnicity
White non-Hispanic,race_ethnicity
"White, non-Hispanic",race_ethnicity
White/non-Hispanic,race_ethnicity
White Non-hispanic,race_ethnicity
White (Non-Hispanic),race_ethnicity
White - Non-Hispanic,race_ethnicity
White Non Hispanic,race_ethnicity
White Non-Hispanic,race_ethnicity
"White, Non-Hispanic",race_ethnicity
White/Non Hispanic,race_ethnicity
White/Non-Hispanic,race_ethnicity
White (non-Hispanic/Latino),race_ethnicity
"White, Non-Hispanic/Latino",race_ethnicity
"White (non-Hispanic, Latino or Spanish)",race_ethnicity
"White, Non-Hispanic/Latinx",race_ethnicity
"White, non-Latina",race_ethnicity
White/Non-Latino,race_ethnicity
White (non-latino or unknown ethnicity),race_ethnicity
"white, not hispanic",race_ethnicity
White (not Hispanic,race_ethnicity
White not Hispanic,race_ethnicity
"White, not Hispanic",race_ethnicity
White/ not Hispanic,race_ethnicity
White (Not Hispanic),race_ethnicity
White Not Hispanic,race_ethnicity
White (Not Hispanic or Latino),race_ethnicity
White Not Hispanic or Latino,race_ethnicity
White/ Not Hispanic or Latino,race_ethnicity
White (not of Hispanic origin),race_ethnicity
"White, not of Hispanic origin",race_ethnicity
"White, not of Hispanic Origin",race_ethnicity
White (Not Reported),race_ethnicity
"White, Not Specified",race_ethnicity
White only,race_ethnicity
White Only,race_ethnicity
White or Anglo,race_ethnicity
White or Caucasian,race_ethnicity
White or Caucasian American,race_ethnicity
White or Caucasian Native,race_ethnicity
White or Caucasion,race_ethnicity
White or European American,race_ethnicity
White or White British,race_ethnicity
White other,race_ethnicity
White Other,race_ethnicity
"White, Other",race_ethnicity
"White, Other: German",race_ethnicity
White (Other White),race_ethnicity
White: Other White,race_ethnicity
# White Participants,race_ethnicity
white race,race_ethnicity
White race,race_ethnicity
WHITE (W) ARABIC/NORTH AFRICAN HER,race_ethnicity
White: Western European,race_ethnicity
White-White/Caucasian,race_ethnicity
White - White/Caucasian/European,race_ethnicity
White-White/Caucasian/European,race_ethnicity
White - White/Caucasian/European H.,race_ethnicity
White - White/Caucasian/European heritage,race_ethnicity
White-White/Caucasian/European heritage,race_ethnicity
White - White/ Caucasian/ European Heritage,race_ethnicity
White - White/Caucasian/European Heritage,race_ethnicity
White -White/Caucasian/European Heritage,race_ethnicity
White- White/ Caucasian/ European Heritage,race_ethnicity
White- White/Caucasian/ European Heritage,race_ethnicity
White- White/Caucasian/European Heritage,race_ethnicity
White-White/Caucasian/European Heritage,race_ethnicity
White: White/Caucasian/European Heritage,race_ethnicity
WHITE - WHITE/CAUCASIAN/EUROPEAN HERITAGE,race_ethnicity
WHITE -WHITE/CAUCASIAN/EUROPEAN HERITAGE,race_ethnicity
WHITE-WHITE/CAUCASIAN/EUROPEAN HERITAGE,race_ethnicity
White-White/Caucasian/European Heritage (EH),race_ethnicity
White-White/Caucasian/European Heritage (H),race_ethnicity
White(Wh)-Wh/Caucasian(Ca)/European(Eu)Heritage(H),race_ethnicity
White (Wt)-Arabic/North African H.,race_ethnicity
W. Indian,race_ethnicity
Wolof,race_ethnicity
WOLOF,race_ethnicity
Wolof/Lebou,race_ethnicity
W-W/CAUCASIAN/EUROPEAN (EUR) HER,race_ethnicity
Yen Thanh,race_ethnicity
yes,race_ethnicity
Yes,race_ethnicity
Zuni,race_ethnicity
0,sex_gender
0-1,sex_gender
1,sex_gender
1 partner,sex_gender
2,sex_gender
2 partners,sex_gender
3,sex_gender
3-4,sex_gender
3 partners,sex_gender
4 partners,sex_gender
5 or more,sex_gender
5+ partners,sex_gender
About half the time,sex_gender
Additional Category,sex_gender
Additional Identification,sex_gender
Agender,sex_gender
Agree,sex_gender
All,sex_gender
Always,sex_gender
"Another category (transgender, genderqueer, bigender, agender)",sex_gender
Another description,sex_gender
Another gender,sex_gender
Another gender identity,sex_gender
Asexual,sex_gender
bisexual,sex_gender
Bisexual,sex_gender
Bisexual Males,sex_gender
Bisexual/Other,sex_gender
"Bisexual, pansexual",sex_gender
Bisexual/Pansexual,sex_gender
Both,sex_gender
Both men and women,sex_gender
boy,sex_gender
Boy,sex_gender
Boy/Man,sex_gender
Boy/Young man,sex_gender
Cancer Patients/Survivor Participants - Female,sex_gender
Cancer Patients/Survivor Participants - Male,sex_gender
Cannot Be Reported Due to Participant Privacy,sex_gender
Caregiver Participants - Female,sex_gender
Caregiver Participants - Male,sex_gender
Child,sex_gender
Choose not to report,sex_gender
Chose not to declare,sex_gender
Cisgender,sex_gender
Cisgender boys,sex_gender
Cisgender female,sex_gender
Cisgender Female,sex_gender
Cis-gender male,sex_gender
Cisgender male,sex_gender
Cisgender Male,sex_gender
Cisgender man,sex_gender
Cisgender Man,sex_gender
cisgender men,sex_gender
Cisgender Men,sex_gender
Cisgender woman,sex_gender
Cisgender Woman,sex_gender
cisgender women,sex_gender
Cisgender Women,sex_gender
Data missing,sex_gender
Declined,sex_gender
Decline to answer,sex_gender
Decline to Answer,sex_gender
Demisexual,sex_gender
Did not answer,sex_gender
Did not give,sex_gender
Did not have anal sex with men in the past 6 months,sex_gender
Did not have receptive sex without a condom in past 3 months,sex_gender
Did not identify,sex_gender
Did not report,sex_gender
Did Not Report,sex_gender
Did not respond,sex_gender
Did not specify,sex_gender
Different identity,sex_gender
Disagree,sex_gender
Disclosed to others,sex_gender
Diverse,sex_gender
Does not apply (providers),sex_gender
Does not Identify as Male or Female,sex_gender
Do Not Identify As Any of These Options,sex_gender
"Do not identify as female, male, or transgender",sex_gender
Do not wish to report,sex_gender
Do not wish to say,sex_gender
Don't know,sex_gender
Don't know / Not sure,sex_gender
Don't know/Not Sure,sex_gender
Every time,sex_gender
Famale,sex_gender
female,sex_gender
Female,sex_gender
FEMALE,sex_gender
Female and male,sex_gender
Female (at birth),sex_gender
Female - Child-bearing Potential,sex_gender
Female children,sex_gender
Female donor / Female Recipient,sex_gender
"Female Donor, Female Recipient",sex_gender
Female donor / Male Recipient,sex_gender
"Female Donor, Male Recipient",sex_gender
Female-Female,sex_gender
Female-Male,sex_gender
Female - Non Child-bearing Potential,sex_gender
Female not taking testosterone (or do not know),sex_gender
Female only,sex_gender
Female postmenopausal,sex_gender
Female premenopausal,sex_gender
Females,sex_gender
Female to Male,sex_gender
Female to male (transgender),sex_gender
Female to Male Transgender,sex_gender
Female/Transfemale,sex_gender
Female/woman or gender minority,sex_gender
F-F,sex_gender
"F/F, M/M, M/F",sex_gender
Fluid,sex_gender
F-M,sex_gender
F/M,sex_gender
Frequently / always,sex_gender
F to M,sex_gender
gay,sex_gender
Gay,sex_gender
Gay/homosexual,sex_gender
Gay/Homosexual,sex_gender
"Gay, homosexual, same gender loving",sex_gender
Gay/Lesbian,sex_gender
"Gay, lesbian, homosexual",sex_gender
Gay/Lesbian/Homosexual,sex_gender
Gay/Lesbian/Queer,sex_gender
Gay Male/Bisexual Male,sex_gender
Gay or lesbian,sex_gender
Gay or Lesbian,sex_gender
Gay/Queer,sex_gender
"Gay, queer, or same gender loving",sex_gender
Gender Diverse,sex_gender
Gender fluid,sex_gender
Gender Fluid,sex_gender
Gender minority,sex_gender
Gender nonbinary/Genderfluid/Gender Nonconforming,sex_gender
Gender nonconforming,sex_gender
Gender Non-Conforming,sex_gender
Gender Non-conforming/Gender Non-Binary,sex_gender
Gender Nonconforming/Gender Variant,sex_gender
Gender non-conforming or non-binary,sex_gender
Genderqueer,sex_gender
Genderqueer/Gender Non-conforming,sex_gender
Genderqueer/Gender Non-Conforming,sex_gender
"Genderqueer, neither exclusively male nor female",sex_gender
Gender queer or gender non-conforming,sex_gender
Genderqueer or gender nonconforming,sex_gender
Genderqueer or non-binary,sex_gender
Gender unknown,sex_gender
girl,sex_gender
Girl,sex_gender
Girl/Woman,sex_gender
Girl/Young woman,sex_gender
Had no sexual activity in the last half of the year or vaginal sex less than 3 times per one month,sex_gender
Had receptive sex without a condom in past 3 months,sex_gender
Had sex with men or were bisexual,sex_gender
Heterosexual,sex_gender
Heterosexual Males (HM),sex_gender
Heterosexual or straight,sex_gender
Heterosexual or Straight,sex_gender
Heterosexual/straight,sex_gender
Heterosexual/Straight,sex_gender
Homosexual,sex_gender
Homosexual/gay/lesbian,sex_gender
Homosexual/lesbian,sex_gender
Homosexual/lesbian/gay,sex_gender
Homosexual or gay,sex_gender
Identified as another gender,sex_gender
Identify in another way,sex_gender
intersex,sex_gender
Intersex,sex_gender
I prefer not to answer / No response,sex_gender
Lesbian,sex_gender
Lesbian/Gay,sex_gender
"Lesbian, gay, or homosexual",sex_gender
"Lesbian, Gay, or Homosexual",sex_gender
Lesbian/Gay Woman/ Bisexual Female,sex_gender
Lesbian/Homosexual,sex_gender
Lesbian or gay,sex_gender
Less than half the time,sex_gender
LGBQ,sex_gender
LGBTQ+,sex_gender
male,sex_gender
Male,sex_gender
MALE,sex_gender
Male and female,sex_gender
Male (at birth),sex_gender
Male children,sex_gender
Male donor / Female Recipient,sex_gender
"Male Donor, Female Recipient",sex_gender
Male donor / Male Recipient,sex_gender
"Male Donor, Male Recipient",sex_gender
Male / Female,sex_gender
Male-Female,sex_gender
Male-Male,sex_gender
Male not taking feminizing hormones (or do not know),sex_gender
Male only,sex_gender
Males,sex_gender
Males Who Have Sex With Males (MSM),sex_gender
Males who have sex with Men,sex_gender
Male to female (transgender),sex_gender
Male to Female Transgender,sex_gender
Man,sex_gender
Man/boy,sex_gender
Man/Boy,sex_gender
Man/male gender,sex_gender
men,sex_gender
Men,sex_gender
Men only,sex_gender
M-F,sex_gender
missing,sex_gender
Missing,sex_gender
Missing data,sex_gender
Missing Data,sex_gender
Missing/declined to answer,sex_gender
Missing or Unknown,sex_gender
Missing response,sex_gender
Missing/Unknown,sex_gender
M-M,sex_gender
More than half the time,sex_gender
More than one gender,sex_gender
MST negative,sex_gender
MST positive,sex_gender
Multiple,sex_gender
Multiple gender identities selected,sex_gender
Multiple genders,sex_gender
Multiple Genders,sex_gender
NA,sex_gender
Neither,sex_gender
neither boy nor girl,sex_gender
Neutral,sex_gender
Never,sex_gender
Never / rarely,sex_gender
No,sex_gender
No answer,sex_gender
No data,sex_gender
No Data,sex_gender
No did not have sex in past 3 months at Baseline,sex_gender
No History of STI Diagnosis,sex_gender
non-binary,sex_gender
Non binary,sex_gender
Non-binary,sex_gender
Nonbinary,sex_gender
Non-Binary,sex_gender
"Nonbinary (e.g., genderqueer, agender, gender fluid)",sex_gender
Non-binary/gender fluid,sex_gender
Nonbinary/Genderfluid,sex_gender
Non-binary / Gender non-conforming,sex_gender
"Nonbinary, gender non-conforming, genderqueer, genderfluid",sex_gender
Nonbinary/genderqueer,sex_gender
Non-binary/ non-conforming,sex_gender
Non-binary or another gender,sex_gender
Nonbinary or another gender,sex_gender
Non-binary or other,sex_gender
Non-binary or Other,sex_gender
Non-binary/other,sex_gender
"Non-Binary, Self-Describe, Not disclosed",sex_gender
Non-binary / third gender,sex_gender
Non-binary/ third gender,sex_gender
Non-Binary/Third Gender,sex_gender
None,sex_gender
None of de above/unsure,sex_gender
None of these describe me,sex_gender
Non-female,sex_gender
"No, not within last 3 months",sex_gender
Non-use,sex_gender
No response,sex_gender
No response / prefer not to answer,sex_gender
Not Available,sex_gender
Not collected,sex_gender
Not Collected,sex_gender
Not disclosed,sex_gender
Not Disclosed,sex_gender
Not disclosed to others,sex_gender
Not heterosexual,sex_gender
Not identifies,sex_gender
Not Indicated,sex_gender
not known,sex_gender
Not Provided,sex_gender
not reported,sex_gender
Not reported,sex_gender
Not Reported,sex_gender
not reported (missing),sex_gender
Not sexually active,sex_gender
Not sexual minority (heterosexual),sex_gender
Not specified,sex_gender
Not stated,sex_gender
Not sure,sex_gender
Not sure (non-binary),sex_gender
Number of Female Participants Per Arm,sex_gender
Number of Male Participants Per Arm,sex_gender
Occasionally,sex_gender
Often,sex_gender
Often to Almost Always,sex_gender
other,sex_gender
Other,sex_gender
Other/category not listed,sex_gender
Other combination,sex_gender
"Other (e.g., queer, pansexual)",sex_gender
other endorsed,sex_gender
Other Gender,sex_gender
Other Gender Identity,sex_gender
Other identity,sex_gender
Other / Missing,sex_gender
Other/Missing,sex_gender
Other/non-binary,sex_gender
Other not listed,sex_gender
Other/not reported,sex_gender
"Other, not specified",sex_gender
Other or unknown,sex_gender
Other (participant response = non-binary),sex_gender
Other (please specify),sex_gender
Other/Prefer not to answer,sex_gender
Other (prefer to self-describe),sex_gender
Other/Refused/Missing,sex_gender
Others,sex_gender
Other (self described as genderqueer or nonbinary),sex_gender
Other Sexual Orientation,sex_gender
"Others (pansexual, queer, unsure)",sex_gender
Other than male or female,sex_gender
Other (Transwoman; Transman; Gender-variant/non-binary; Other Identity; Prefer not to answer),sex_gender
Other/Unknown,sex_gender
Other (unspecified),sex_gender
"Other, Unspecified",sex_gender
Panromantic asexual,sex_gender
Pansexual,sex_gender
Pansexual; Asexual,sex_gender
Parent,sex_gender
Prefer not answer,sex_gender
prefer not to answer,sex_gender
Prefer not to answer,sex_gender
Prefer not to Answer,sex_gender
Prefer Not to Answer,sex_gender
Prefer not to answer the question,sex_gender
Prefer Not to Answer the Question,sex_gender
Prefer not to describe,sex_gender
Prefer not to disclose,sex_gender
Prefer not to say,sex_gender
Prefer Not to Say,sex_gender
Prefer not to say / unknown,sex_gender
Prefer not to specify,sex_gender
Prefers not to identify,sex_gender
Prefer to self describe,sex_gender
Prefer to self-describe,sex_gender
Private or public employed,sex_gender
Queer,sex_gender
Queer/gay/lesbian/bisexual/pansexual/questioning,sex_gender
Questioning,sex_gender
Questioning/I don't know,sex_gender
Rarely,sex_gender
Refusal,sex_gender
Refused,sex_gender
Refused to answer,sex_gender
Refuse to state,sex_gender
Reported gender=Female,sex_gender
Reported gender=Male,sex_gender
Reported History of STI Diagnosis,sex_gender
Self-Described,sex_gender
Self-employed (formal or informal),sex_gender
Self-identify,sex_gender
Sexual activity (vaginal sex) â‰¥ 3 times per one month,sex_gender
Sexually active,sex_gender
Sexual minority,sex_gender
Sexual Minority,sex_gender
Something else,sex_gender
Sometimes,sex_gender
Straight,sex_gender
Straight (heterosexual),sex_gender
"Straight, heterosexual",sex_gender
Straight/heterosexual,sex_gender
Straight/Heterosexual,sex_gender
Straight or heterosexual,sex_gender
Straight or Heterosexual,sex_gender
Strongly Agree,sex_gender
Strongly Disagree,sex_gender
Students,sex_gender
Teachers,sex_gender
Trandgender,sex_gender
Trans,sex_gender
Trans-female,sex_gender
Transfemale,sex_gender
Trans Female,sex_gender
Transgender,sex_gender
Transgender boys,sex_gender
Transgender female,sex_gender
Transgender Female,sex_gender
Transgender female (male-to-female),sex_gender
Transgender (Female to Male),sex_gender
Transgender (Female-to-Male),sex_gender
Transgender Female/Transgender Woman,sex_gender
Transgender individuals,sex_gender
Transgender male,sex_gender
Transgender Male,sex_gender
Transgender male (female to male),sex_gender
Transgender male (female-to-male),sex_gender
Transgender male to female,sex_gender
Transgender (Male to Female),sex_gender
Transgender (Male-to-Female),sex_gender
Transgender: Male to Female,sex_gender
Transgender man,sex_gender
Transgender Man,sex_gender
transgender men,sex_gender
Transgender men,sex_gender
Transgender Men,sex_gender
Transgender/Not Reported,sex_gender
Transgender or other gender identity,sex_gender
Transgender/Other,sex_gender
"Transgender, Other, Prefer not to answer",sex_gender
Transgender spectrum,sex_gender
Transgender Spectrum,sex_gender
Transgender woman,sex_gender
Transgender Woman,sex_gender
Transgender woman or gender-diverse,sex_gender
transgender women,sex_gender
Transgender women,sex_gender
Transgender Women,sex_gender
Trans male,sex_gender
Trans-male,sex_gender
Transmale,sex_gender
Trans Male,sex_gender
Trans male/Trans man,sex_gender
Trans man,sex_gender
Transman,sex_gender
Trans Man,sex_gender
Transmasculine Nonbinary,sex_gender
Trans or non-binary,sex_gender
Trans woman,sex_gender
Transwoman,sex_gender
Trans Woman,sex_gender
Transwomen who are Biologically Male,sex_gender
Two Spirit,sex_gender
Uncertain / don't know for sure,sex_gender
Undecided,sex_gender
Undecided/Questioning,sex_gender
Undifferentiated,sex_gender
Undifferentiated (at birth),sex_gender
Undifferentiated or Unknown,sex_gender
Undisclosed,sex_gender
unknown,sex_gender
Unknown,sex_gender
Unknown - Did Not Report,sex_gender
Unknown Donor Gender,sex_gender
Unknown Gender,sex_gender
Unknown/missing,sex_gender
Unknown: Missing Data,sex_gender
Unknown/ Non Response,sex_gender
"Unknown, not reported",sex_gender
Unknown/not reported,sex_gender
Unknown/Not reported,sex_gender
"Unknown, Not Reported",sex_gender
Unknown/Not Reported,sex_gender
Unknown/Not Stated,sex_gender
Unknown or not reported,sex_gender
Unknown or Not Reported,sex_gender
Unknown or Other,sex_gender
Unknown/Other,sex_gender
"Unknown, Refused, or Missing",sex_gender
Unknow or not reported,sex_gender
Unspecified,sex_gender
Were heterosexul,sex_gender
Woman,sex_gender
Woman/girl,sex_gender
Woman/Girl,sex_gender
Women,sex_gender
X (third gender),sex_gender
Yes,sex_gender
Yes had sex in past 3 months at Baseline,sex_gender
"Yes, I have both given and received money, things, opportunities and so on",sex_gender
"Yes, I have both given and received money, things, or opportunities",sex_gender
"Yes, I was the one giving money, things, opportunities and so on",sex_gender
"Yes, I was the one giving money, things, or opportunities",sex_gender
"Yes, I was the one receiving money, things, opportunities and so on",sex_gender
"Yes, I was the one receiving money, things, or opportunities",sex_gender
Yes within last 3 months,sex_gender
